,ID,Origin,Farm,Lot,Mill,Company,ApproxAltitude,Region,Producer,NBags,BagWeight,Partner,HarvestYear,GradingDate,Owner,Variety,Status,Aroma,Flavor,Aftertaste,Acidity,Body,Balance,Uniformity,CleanCup,Sweetness,Overall,Defects,CupPoints,Moisture,C1Defects,Quakers,C2Defects,Expiration,ISO3166A2,PrimaryProcessingMethod,SecondaryProcessingMethod,PrimaryColor,SecondaryColor
0,0,Colombia,Finca El Paraiso,CQU2022015,Finca El Paraiso,Coffee Quality Union,1815,"Piendamo,Cauca",Diego Samuel Bermudez,1,35,Japan Coffee Exchange,2022,2022-09-21,Coffee Quality Union,Castillo,Completed,8.58,8.5,8.42,8.58,8.25,8.42,10.0,10.0,10.0,8.58,0.0,89.33,11.8,0,0,3,2023-09-21,CO,Double Anaerobic Washed,,Green,
1,1,Taiwan,Royal Bean Geisha Estate,"The 2022 Pacific Rim Coffee Summit,T037",Royal Bean Geisha Estate,Taiwan Coffee Laboratory,1200,Chiayi,Ceng Fu Sen,1,80,Taiwan Coffee Laboratory Tai Wan Ka Pei Yan Jiu Shi,2022,2022-11-15,Taiwan Coffee Laboratory Tai Wan Ka Pei Yan Jiu Shi,Gesha,Completed,8.5,8.5,7.92,8.0,7.92,8.25,10.0,10.0,10.0,8.5,0.0,87.58,10.5,0,0,0,2023-11-15, TW,Washed , Wet,Blue,Green
2,2,Laos,OKLAO coffee farms,"The 2022 Pacific Rim Coffee Summit,LA01",oklao coffee processing plant,Taiwan Coffee Laboratory,1300,Laos Borofen Plateau,WU TAO CHI,19,25,Taiwan Coffee Laboratory Tai Wan Ka Pei Yan Jiu Shi,2022,2022-11-15,Taiwan Coffee Laboratory Tai Wan Ka Pei Yan Jiu Shi,Java,Completed,8.33,8.42,8.08,8.17,7.92,8.17,10.0,10.0,10.0,8.33,0.0,87.42,10.4,0,0,2,2023-11-15,LA,Semi Washed,,Yellowish,
3,3,Costa Rica,La Cumbre,CQU2022017,La Montana Tarrazu MIll,Coffee Quality Union,1900,"Los Santos,Tarrazu",Santa Maria de Dota,1,22,Japan Coffee Exchange,2022,2022-09-21,Coffee Quality Union,Gesha,Completed,8.08,8.17,8.17,8.25,8.17,8.08,10.0,10.0,10.0,8.25,0.0,87.17,11.8,0,0,0,2023-09-21,CR,Washed , Wet,Green,
4,4,Colombia,Finca Santuario,CQU2023002,Finca Santuario,Coffee Quality Union,1975,"Popayan,Cauca",Camilo Merizalde,2,24,Japan Coffee Exchange,2022,2023-03-06,Coffee Quality Union,Red Bourbon,Completed,8.33,8.33,8.08,8.25,7.92,7.92,10.0,10.0,10.0,8.25,0.0,87.08,11.6,0,2,2,2024-03-05,CO,Honey,Mossto,Yellow,Green
5,5,Guatemala,La Colina,"The 2022 Pacific Rim Coffee Summit,GT02",Dinamica Cafe,Taiwan Coffee Laboratory,1668,Chimaltenango,Emilio Antonio Medina Garcia,5,30,Taiwan Coffee Laboratory Tai Wan Ka Pei Yan Jiu Shi,2022,2022-11-15,Taiwan Coffee Laboratory Tai Wan Ka Pei Yan Jiu Shi,Gesha,Completed,8.33,8.33,8.25,7.83,7.83,8.17,10.0,10.0,10.0,8.25,0.0,87.0,10.7,0,0,2,2023-11-15,GT,Washed , Wet,Green,
6,6,Taiwan,Ye Mu Dan Ka Pei Zhuang Yuan Melastoma Coffee Estate,"The 2022 Pacific Rim Coffee Summit,T034",Ye Mu Dan Ka Pei,Taiwan Coffee Laboratory,1250,Chiayi,Huang Bao Xi,1,27,Taiwan Coffee Laboratory Tai Wan Ka Pei Yan Jiu Shi,2022,2022-11-15,Taiwan Coffee Laboratory Tai Wan Ka Pei Yan Jiu Shi,Gesha,Completed,8.33,8.17,8.08,8.0,7.83,8.25,10.0,10.0,10.0,8.25,0.0,86.92,9.1,0,0,0,2023-11-15, TW,Washed , Wet,Green,
7,7,Taiwan,Qi Cai Liu Li Ka Pei Zhuang Yuan Chi Tsai Liu Li Ecological Farm,"The 2022 Pacific Rim Coffee Summit,T050",Qi Cai Liu Li Ka Pei Zhuang Yuan,Taiwan Coffee Laboratory,1200,Chiayi,Zhuang Jia Rong,1,90,Taiwan Coffee Laboratory Tai Wan Ka Pei Yan Jiu Shi,2022,2022-11-15,Taiwan Coffee Laboratory Tai Wan Ka Pei Yan Jiu Shi,"Sl34,Gesha",Completed,8.25,8.25,8.17,8.0,7.92,8.08,10.0,10.0,10.0,8.08,0.0,86.75,10.0,0,0,1,2023-11-15, TW,Natural , Dry,Yellow Green,
8,8,Taiwan,Liang Xuan Ka Pei Zhuang Yuan Liang Xuan Coffee Farm,"The 2022 Pacific Rim Coffee Summit,T018",Liang Xuan Ka Pei Zhuang Yuan,Taiwan Coffee Laboratory,1250,Chiayi,Zhong Xu Liang,1,30,Taiwan Coffee Laboratory Tai Wan Ka Pei Yan Jiu Shi,2022,2022-11-15,Taiwan Coffee Laboratory Tai Wan Ka Pei Yan Jiu Shi,Sl34,Completed,8.08,8.08,8.25,8.08,7.92,8.0,10.0,10.0,10.0,8.25,0.0,86.67,10.8,0,0,0,2023-11-15, TW,Washed , Wet,Greenish,
9,9,Tanzania,MASHIMA AMCOS,CN 4127230034/4189230113,GOURMET COFFEE MILL,DORMAN T LIMITED,1550,Kilimanjaro,DORMAN T LIMITED,320,60,Kenya Coffee Traders Association,2023,2023-02-01,Gilbert Maina,Bourbon,Completed,8.08,8.17,8.08,8.17,8.0,8.0,10.0,10.0,10.0,8.0,0.0,86.5,11.0,0,0,0,2024-02-01,TZ,Washed , Wet,Greenish,
10,10,Ethiopia,TADE GG,010/0296/600,MoledoShe Wei Tuo Jing Xuan Chang,Marubeni corp,2000,Guji,Tesfaye Bekele Degaga,10,30,Japan Coffee Exchange,2022,2022-05-31,ERI ASAEDA,Ethiopian Heirlooms,Completed,8.08,8.25,8.0,8.08,7.92,7.92,10.0,10.0,10.0,8.0,0.0,86.25,11.8,0,1,1,2023-05-31,ET,Natural , Dry,Greenish,
11,11,Guatemala,Karen Acajabon Coffee Farm,"The 2022 Pacific Rim Coffee Summit,GT12",Cafetoland,Taiwan Coffee Laboratory,2000,Acatenango,Karen Acajabon,5,15,Taiwan Coffee Laboratory Tai Wan Ka Pei Yan Jiu Shi,2021,2022-11-15,Full Sweet Coffee,Gesha,Completed,8.08,8.0,8.0,7.75,8.25,8.17,10.0,10.0,10.0,8.0,0.0,86.25,11.5,0,0,1,2023-11-15,GT,Natural , Dry,Brownish,
12,12,Taiwan,Gu Feng Ka Pei Zhuang Yuan Goodfun Coffee Farm,"The 2022 Pacific Rim Coffee Summit,T051",Gu Feng Ka Pei Zhuang Yuan,Taiwan Coffee Laboratory,1250,Yunlin,Lai Yan He,1,60,Taiwan Coffee Laboratory Tai Wan Ka Pei Yan Jiu Shi,2022,2022-11-15,Goodfun,Gesha,Completed,8.08,8.0,8.08,8.08,8.0,8.0,10.0,10.0,10.0,8.0,0.0,86.25,11.9,0,0,0,2023-11-15, TW,Washed , Wet,Green,
13,13,Ethiopia,Gelana Geisha,"Grade 1, Guji, Natural, Gelana Geisha",Dry Mill or Hulling Facility,Kerchanshe Trading PLC,1950,Guji,Kerchanshe,40,60,METAD Agricultural Development plc,2022,2022-08-26,Isreal Degefa,Gesha,Completed,7.67,8.17,8.0,8.33,8.0,8.0,10.0,10.0,10.0,8.0,0.0,86.17,11.6,0,3,2,2023-08-26,ET,Natural , Dry,Yellow, Green
14,14,Colombia,La Gaitania,"The 2022 Pacific Rim Coffee Summit,CO03",La Gaitania,Taiwan Coffee Laboratory,1850,Tolima,Josue Enciso Suarez,70,35,Taiwan Coffee Laboratory Tai Wan Ka Pei Yan Jiu Shi,2022,2022-11-15,PeiHsun Lin,Caturra,Completed,8.08,8.0,8.08,7.92,8.08,8.0,10.0,10.0,10.0,8.0,0.0,86.17,10.6,0,0,0,2023-11-15,CO,Washed , Wet,Green,
15,15,Taiwan,Qing Xie Ka Pei Zhuang Yuan,"The 2022 Pacific Rim Coffee Summit,T014",Qing Xie Ka Pei Zhuang Yuan,Taiwan Coffee Laboratory,1100,Chiayi,Xie Shi Yuan,1,60,Taiwan Coffee Laboratory Tai Wan Ka Pei Yan Jiu Shi,2022,2022-11-15,Taiwan Coffee Laboratory Tai Wan Ka Pei Yan Jiu Shi,Sl34,Completed,8.17,8.08,8.0,7.92,8.0,7.92,10.0,10.0,10.0,8.0,0.0,86.08,10.2,0,0,0,2023-11-15, TW,Pulped Natural , Honey,Green,
16,16,Ethiopia,Halo Bariti Cooprative,CQU2023006,Halo Bariti Cooprative,Coffee Quality Union,2000,"Gedeb,Yirgacheffe,Sidamo",Halo Bariti Cooprative,8,5,Japan Coffee Exchange,2022,2023-04-07,Coffee Quality Union,"Wolishalo,Kurume,Dega",Completed,8.17,8.08,7.92,8.17,7.75,7.92,10.0,10.0,10.0,8.08,0.0,86.08,11.3,0,2,2,2024-04-06,ET,Washed , Wet,Green,
17,17,Taiwan,Dong Bi Ka Pei Zhuang Yuan,202203,yes,Dongbi coffee,1300,"Shibi, Gukeng Township, Yunlin County 郵遞區號 , Taiwan (R.O.C.)",Chen Jing Li,5,2,Blossom Valley InternationalChen Yi Guo Ji,2022,2022-10-24,Dongbi,Gesha,Completed,8.0,8.17,8.0,7.92,7.92,7.92,10.0,10.0,10.0,8.17,0.0,86.08,10.3,0,0,0,2023-10-24, TW,Natural , Dry,Yellow,Green
18,18,Taiwan,Ying Tao Guo Gu Keng Ka Pei Zhuang Yuan,202112,yes,Chen Yi Guo Ji You Xian Gong Si,1200,"Gukeng Township, Yunlin County",Wang Ying Hui,8,1,Blossom Valley InternationalChen Yi Guo Ji,2022,2022-10-24,Wang Ying Hui,Gesha,Completed,8.08,8.17,7.75,7.92,7.83,8.0,10.0,10.0,10.0,8.17,0.0,85.92,11.0,0,0,1,2023-10-24, TW,Natural , Dry,Brownish,
19,19,Tanzania,BURKA,CN 4127230032/P-9140,GOURMET COFFEE MILL,DORMAN T LIMITED,1585,Arusha,DORMAN T LIMITED,200,30,Kenya Coffee Traders Association,2023,2023-02-01,Gilbert Maina,Bourbon,Completed,8.17,8.0,7.92,7.92,8.17,7.75,10.0,10.0,10.0,7.92,0.0,85.83,10.0,0,0,0,2024-02-01,TZ,Washed , Wet,Greenish,
20,20,Guatemala,Finca Vista Hermosa,"The 2022 Pacific Rim Coffee Summit,GT03",El Vergel,Taiwan Coffee Laboratory,1900,"Guatemala, Fraijanes, Santa Rosa",Fredy Orantes,8,30,Taiwan Coffee Laboratory Tai Wan Ka Pei Yan Jiu Shi,2022,2022-11-15,Carlos Pascual Pan Shi Jie,Gesha,Completed,8.0,7.92,8.08,7.92,7.75,8.0,10.0,10.0,10.0,8.08,0.0,85.75,11.6,0,0,0,2023-11-15,GT,Natural , Dry,Yellowish,
21,21,Taiwan,Zhong Da Shu Ka Pei Zhuang Yuan Uncle Chungs Coffee Farm,2022/03,Zhong Da Shu Ka Pei Zhuang Yuan Uncle Chungs Coffee Farm,Taiwan Coffee Laboratory,850,卓溪鄉Zhuoxi Township,You Ting Yu YU TING YU,1,20,Taiwan Coffee Laboratory Tai Wan Ka Pei Yan Jiu Shi,2022,2022-12-12,Yu Ting Yu You Ting Yu,Typica,Completed,8.08,8.0,7.92,7.92,8.0,7.83,10.0,10.0,10.0,7.92,0.0,85.67,10.4,0,0,0,2023-12-12, TW,Natural , Dry,Green,
22,22,Thailand,Hom Doi,1,Machines to peel outer skin of the cherry coffee and coffee is dried manually,Lyrose,1600,Chiang Mai,Lisu farmers,2,1,FABB Academy of Coffee,2022,2022-08-16,Christian Charmette,Catimor,Completed,7.67,8.0,7.83,8.0,8.08,8.0,10.0,10.0,10.0,8.08,0.0,85.67,9.8,0,0,5,2023-08-16,TH,Pulped Natural , Honey,Browish,Green
24,24,Taiwan,Yong Shun Ka Pei Zhuang Yuan,"The 2022 Pacific Rim Coffee Summit, T003",Yong Shun Ka Pei Zhuang Yuan,Taiwan Coffee Laboratory,1250,Yunlin,Su Gan Yong,4,50,Taiwan Coffee Laboratory Tai Wan Ka Pei Yan Jiu Shi,2022,2022-11-15,Taiwan Coffee Laboratory Tai Wan Ka Pei Yan Jiu Shi,Sl34,Completed,7.83,8.0,7.92,8.0,8.0,7.92,10.0,10.0,10.0,7.92,0.0,85.58,10.6,0,0,0,2023-11-15, TW,Washed , Wet,Bluish,Green
26,26,Taiwan,Zou Zhu Yuan ZouZhouYuan,"The 2022 Pacific Rim Coffee Summit,T024",Zou Zhu Yuan ZouZhouYuan,Taiwan Coffee Laboratory,1300,Chiayi,Fang Zheng Lun,1,100,Taiwan Coffee Laboratory Tai Wan Ka Pei Yan Jiu Shi,2022,2022-11-15,Fang Cheng Lun Fang Zheng Lun,Gesha,Completed,7.92,7.92,8.0,7.92,7.83,7.92,10.0,10.0,10.0,8.0,0.0,85.5,9.1,0,0,2,2023-11-15, TW,Natural , Dry,Green,
27,27,Taiwan,Song Yue Ka Pei Zhuang Yuan,"The 2022 Pacific Rim Coffee Summit,T048",Song Yue Ka Pei Zhuang Yuan,Taiwan Coffee Laboratory,1200,Yunlin,Guo Zhi Hao,1,90,Taiwan Coffee Laboratory Tai Wan Ka Pei Yan Jiu Shi,2022,2022-11-15,Jhih HaoGUO Guo Zhi Hao,Gesha,Completed,8.17,8.08,7.92,8.0,7.58,7.83,10.0,10.0,10.0,7.92,0.0,85.5,10.6,0,0,0,2023-11-15, TW,Natural , Dry,Green,
28,28,Taiwan,Ta Fu Ya You Ji Nong Yuan,"The 2022 Pacific Rim Coffee Summit,T045",Ta Fu Ya You Ji Nong Yuan,Taiwan Coffee Laboratory,1060,Chiayi,Chen Qing Long,1,85,Taiwan Coffee Laboratory Tai Wan Ka Pei Yan Jiu Shi,2022,2022-11-15,Taiwan Coffee Laboratory Tai Wan Ka Pei Yan Jiu Shi,Gesha,Completed,8.0,8.0,8.0,7.92,7.75,7.92,10.0,10.0,10.0,7.92,0.0,85.5,10.2,0,0,0,2023-11-15, TW,Natural , Dry,Blue,Green
29,29,United States of America,Hokukano Ranch,"The 2022 Pacific Rim Coffee Summit,US01",Kona Coffee Tea,Taiwan Coffee Laboratory,600,Kona,Kona Hills LLC,80,15,Taiwan Coffee Laboratory Tai Wan Ka Pei Yan Jiu Shi,2022,2022-11-15,Taiwan Coffee Laboratory Tai Wan Ka Pei Yan Jiu Shi,Typica,Completed,8.0,7.92,8.0,7.83,7.67,8.0,10.0,10.0,10.0,8.0,0.0,85.42,9.3,0,0,0,2023-11-15,US,Washed , Wet,Green,
30,30,Taiwan,Xiang Ting You Ji Nong Chang SiangTing Organic Farm,2022/3/1(老叢),Xiang Ting You Ji Nong Chang SiangTing Organic Farm,Taiwan Coffee Laboratory,200,壽豐鄉Shoufeng Township,Zhang Jin Yi Zhang JinYi,3,48,Taiwan Coffee Laboratory Tai Wan Ka Pei Yan Jiu Shi,2022,2022-12-12,Zhang Jin Yi Zhang Jin Yi,Typica,Completed,8.0,8.0,7.83,7.83,7.75,7.92,10.0,10.0,10.0,8.08,0.0,85.42,11.4,0,0,0,2023-12-12, TW,Washed , Wet,Bluish,Green
31,31,Taiwan,Xiang Ting You Ji Nong Chang SiangTing Organic Farm,2022/02,Xiang Ting You Ji Nong Chang SiangTing Organic Farm,Taiwan Coffee Laboratory,200,壽豐鄉Shoufeng Township,Zhang Jin Yi Zhang JinYi,3,50,Taiwan Coffee Laboratory Tai Wan Ka Pei Yan Jiu Shi,2022,2022-12-12,Zhang Jin Yi Zhang Jin Yi,Typica,Completed,7.92,8.0,7.83,7.92,7.83,7.83,10.0,10.0,10.0,8.0,0.0,85.33,10.8,0,0,0,2023-12-12, TW,Washed , Wet,Green,
32,32,Taiwan,Jin Zan Ka Pei Nong Zhuang Yuan Jinzan Coffee Estate,2022臺南市精品咖啡評鑑批次,Jin Zan Ka Pei Nong Zhuang Yuan Jinzan Coffee Estate,Taiwan Coffee Laboratory,668,"Dongshan Dist., Tainan City",Xie Ming Zan YEMINGZAN,4,5,Taiwan Coffee Laboratory Tai Wan Ka Pei Yan Jiu Shi,2022,2022-06-08,Taiwan Coffee Laboratory Tai Wan Ka Pei Yan Jiu Shi,Gesha,Completed,8.08,8.17,7.67,7.83,7.67,7.92,10.0,10.0,10.0,8.0,0.0,85.33,11.3,0,0,0,2023-06-08, TW,Washed , Wet,Green,
33,33,Ethiopia,Eshetu farm,Washed Limmu,Lata Agri export,Alo Coffee,1950,Oromia,Eshetu,320,60,METAD Agricultural Development plc,2022,2022-06-06,Tamiru Tadesse Tesema,Ethiopian Heirlooms,Completed,7.67,7.83,7.83,8.0,8.0,8.0,10.0,10.0,10.0,8.0,0.0,85.33,9.9,0,2,3,2023-06-06,ET,Washed , Wet,Green,
34,34,Ethiopia,Uraga Bisrat washing station,0065,dry mill,TADESSE DESTA IMPORT EXPORT,2250,Southern Ethiopia Guji,Bisrat Melaku,320,60,METAD Agricultural Development plc,2022,2022-09-30,Tadessa Desta Amene,Ethiopian Heirlooms,Completed,8.0,8.08,8.0,8.0,7.67,7.75,10.0,10.0,10.0,7.83,0.0,85.33,12.3,0,3,4,2023-09-30,ET,Natural , Dry,Yellow Green,
35,35,Ethiopia,YHAENU PLC FARM,1,GUJI COFFEE EXPORT PLC,yhaenu plc,1700,Oromia,YHAENU PLC,320,19200,METAD Agricultural Development plc,2022,2022-12-12,YHAENU PLC,Ethiopian Heirlooms,Completed,7.92,7.75,7.83,8.17,8.0,7.75,10.0,10.0,10.0,7.83,0.0,85.25,9.4,0,1,1,2023-12-12,ET,Washed , Wet,Greenish,
36,36,Taiwan,Zhuo Wu Shan Ka Pei Nong Chang,"The 2022 Pacific Rim Coffee Summit, T004",Zhuo Wu Shan Ka Pei Nong Chang,Taiwan Coffee Laboratory,1200,Chiayi,Xu Ding Ye,1,100,Taiwan Coffee Laboratory Tai Wan Ka Pei Yan Jiu Shi,2022,2022-11-15,Hsu Ting YeyXu Ding Ye,Gesha,Completed,8.0,7.92,7.83,7.92,7.83,7.83,10.0,10.0,10.0,7.92,0.0,85.25,9.5,0,0,0,2023-11-15, TW,Washed , Wet,Bluish,Green
37,37,Taiwan,Yu Xiang Ka Pei Yuan YU SIANG Coffee Estate,2022臺南市精品咖啡評鑑批次,Yu Xiang Ka Pei Yuan YU SIANG Coffee Estate,Taiwan Coffee Laboratory,650,"Dongshan Dist., Tainan City",Chen Jian Yuan CHEN JIANYUAN,20,5,Taiwan Coffee Laboratory Tai Wan Ka Pei Yan Jiu Shi,2022,2022-06-08,Taiwan Coffee Laboratory Tai Wan Ka Pei Yan Jiu Shi,Gesha,Completed,8.25,8.08,7.83,7.75,7.67,7.75,10.0,10.0,10.0,7.92,0.0,85.25,11.3,0,0,0,2023-06-08, TW,Pulped Natural , Honey,Green,
38,38,Kenya,Small Holder,5516,NKG,IBERO K LTD,1750,Central,Small Holder,300,60,Kenya Coffee Traders Association,2023,2023-02-28,Judith Murimi,Sl28,Completed,8.17,7.75,7.83,7.58,7.92,8.0,10.0,10.0,10.0,8.0,0.0,85.25,9.2,0,0,1,2024-02-28,KE,Washed , Wet,Greenish,
39,39,Taiwan,Huang Ting Ka Pei Zhuang Yuan,202203,yes,Chen Yi Guo Ji You Xian Gong Si,850,"Caoling , Gukeng Township, Yunlin County",Chen Rong Feng,20,1,Blossom Valley InternationalChen Yi Guo Ji,2018,2022-10-24,CHEN RONG FENG,Gesha,Completed,7.75,7.92,7.75,8.0,7.83,7.92,10.0,10.0,10.0,8.0,0.0,85.17,10.3,0,0,0,2023-10-24, TW,Washed , Wet,Bluish,Green
40,40,Taiwan,Hua Lian Xian Xiu Lin Xiang Te Yong Zuo Wu Ka Pei Chan Xiao Di Yi Ban Agriculture Production and Marketing Groups of Hualien Shlin township special crop coffee 1st class,2022/01,Hua Lian Xian Xiu Lin Xiang Te Yong Zuo Wu Ka Pei Chan Xiao Di Yi Ban Agriculture Production and Marketing Groups of Hualien Shlin township special crop coffee 1st class,Taiwan Coffee Laboratory,400,秀林鄉Show Linxia Township,Li Zhi Xiang Li Zhixia,1,10,Taiwan Coffee Laboratory Tai Wan Ka Pei Yan Jiu Shi,2022,2022-12-12,Taiwan Coffee Laboratory Tai Wan Ka Pei Yan Jiu Shi,Typica,Completed,8.0,7.92,7.83,7.92,7.75,7.75,10.0,10.0,10.0,7.92,0.0,85.08,10.0,0,0,0,2023-12-12, TW,Natural , Dry,Brownish,
41,41,Taiwan,Ba Yi Gao Di,屏東縣三地門鄉德文段,Gan Zao Ji Tuo Ke Ji,Mao Tai Sheng Ji Gu Fen You Xian Gong Si,1000,台灣屏東,Chen Ke Han,1,2,Taiwan Coffee Laboratory Tai Wan Ka Pei Yan Jiu Shi,2022,2022-12-30,Ethan Lee Li Zong Ru,Typica,Completed,8.0,8.08,7.67,7.75,7.92,7.83,10.0,10.0,10.0,7.83,0.0,85.08,10.5,0,0,0,2023-12-30, TW,Washed , Wet,Greenish,
42,42,Taiwan,Xiang Jia Lan Zhuang Yuan,A26-Northern Taiwan Specialty Coffee Evaluation,Xiang Jia Lan Zhuang Yuan,Taiwu Coffee Cooperative,800,苗栗縣,Huang Jian Qiu Lan,1,50,Taiwan Coffee Laboratory Tai Wan Ka Pei Yan Jiu Shi,2022,2023-01-06,Taiwu,Gesha,Completed,8.0,7.92,7.67,8.0,7.75,7.83,10.0,10.0,10.0,7.92,0.0,85.08,10.0,0,0,5,2024-01-06, TW,Washed , Wet,Pale Yellow,
43,43,Uganda,Gideon Kule,7938,Dry Mill,Kyagalanyi Coffee Limited,1905,Rwenzori,Kyagalanyi coffee limited,320,60,Uganda Coffee Development Authority,2022,2022-06-29,KYAGALANYI COFFEE LIMITED,Sl14,Completed,8.0,7.92,7.75,7.75,7.75,7.92,10.0,10.0,10.0,7.92,0.0,85.0,11.0,0,0,1,2023-06-29,UG,Washed , Wet,Green,
45,45,Taiwan,Qing Shan Ping Ka Pei Nong Chang,"The 2022 Pacific Rim Coffee Summit,T011",Qing Shan Ping Ka Pei Nong Chang,Taiwan Coffee Laboratory,800,Yunlin,Wang Qing Lian,6,50,Taiwan Coffee Laboratory Tai Wan Ka Pei Yan Jiu Shi,2022,2022-11-15,Taiwan Coffee Laboratory Tai Wan Ka Pei Yan Jiu Shi,Gesha,Completed,8.17,8.08,7.83,7.67,7.67,7.75,10.0,10.0,10.0,7.83,0.0,85.0,10.1,0,0,0,2023-11-15, TW,Natural , Dry,Yellow Green,
46,46,Guatemala,varias fincas,11/15/118,Beneficio Pastores,Peter Schoenfeld SA,1600,Antigua,Varios productores,600,30,Asociacion Nacional Del Cafe,2023,2023-04-17,Yesica Alejandra Martinez Vasquez,Caturra,Completed,7.67,8.08,7.67,8.0,7.92,7.83,10.0,10.0,10.0,7.83,0.0,85.0,9.9,0,1,1,2024-04-16,GT,Washed , Wet,Green,
47,47,Guatemala,PENA BLANCA,11/951/279,BENEFICIO LAS AMERICAS,OLAM AGRO GUATEMALA SA,4700,Santa Rosa,PABLO CHUY,632,30,Asociacion Nacional Del Cafe,2023,2023-02-23,Yesica Alejandra Martinez Vasquez,Catuai,Completed,7.67,8.0,7.75,7.92,8.0,7.83,10.0,10.0,10.0,7.83,0.0,85.0,11.3,0,0,4,2024-02-23,GT,Washed , Wet,Green,
48,48,Guatemala,san francisco cotzal,11/441/50,inmobiliaria e inversiones dos mil sa,inmobiliaria e inversiones dos mil sa,1600,Quiche,san francisco cotzal,275,69,Asociacion Nacional Del Cafe,2022,2022-06-22,Angelica Paola Citan Lopez,Caturra,Completed,7.83,7.92,7.75,8.0,7.75,7.75,10.0,10.0,10.0,7.92,0.0,84.92,11.7,0,3,1,2023-06-22,GT,Washed , Wet,Green,
49,49,Taiwan,Liu Qu Wo,A03-Northern Taiwan Specialty Coffee Evaluation,Liu Qu Wo,Taiwu Coffee Cooperative,375,新竹縣,Huang Jun Gan,1,13,Taiwan Coffee Laboratory Tai Wan Ka Pei Yan Jiu Shi,2022,2023-01-06,Taiwu,Typica,Completed,7.92,7.92,7.83,7.83,7.75,7.83,10.0,10.0,10.0,7.83,0.0,84.92,9.5,0,0,2,2024-01-06, TW,Washed , Wet,Green,
50,50,Taiwan,Bei Ping Shan Lin,A23-Northern Taiwan Specialty Coffee Evaluation,Bei Ping Shan Lin,Taiwu Coffee Cooperative,230,新竹縣,Dai Zhen Nan,1,4,Taiwan Coffee Laboratory Tai Wan Ka Pei Yan Jiu Shi,2022,2023-01-06,Taiwu,Yellow Bourbon,Completed,8.0,8.0,7.75,7.75,7.67,7.75,10.0,10.0,10.0,7.92,0.0,84.83,9.7,0,0,0,2024-01-06, TW,Natural , Dry,Brownish,
52,52,Peru,Ruya Yayu Farm,"The 2022 Pacific Rim Coffee Summit,PE02",no,Taiwan Coffee Laboratory,1750,Villa Rica,Ruya Yayu,3,5,Taiwan Coffee Laboratory Tai Wan Ka Pei Yan Jiu Shi,2022,2022-11-15,Taiwan Coffee Laboratory Tai Wan Ka Pei Yan Jiu Shi,Gesha,Completed,8.0,8.0,7.83,7.83,7.58,7.83,10.0,10.0,10.0,7.75,0.0,84.83,10.7,0,0,0,2023-11-15,PE,Washed , Wet,Greenish,
53,53,Tanzania,IYENGA,S59588/P03989,CITY COFFEE LTD,VOLCAFETaylorWinch Tanzania Ltd,1654,Mbeya,IYENGA AMCOS,620,30,Kenya Coffee Traders Association,2023,2022-11-09,Balam Hinyula,Bourbon,Completed,7.92,7.75,7.75,7.92,7.83,7.83,10.0,10.0,10.0,7.83,0.0,84.83,11.2,0,0,0,2023-11-09,TZ,Washed , Wet,Greenish,
54,54,Taiwan,You You Ba Si Ma Fei Ka Pei Zhuang Yuan,"The 2022 Pacific Rim Coffee Summit,T029",You You Ba Si Ma Fei Ka Pei Zhuang Yuan,Taiwan Coffee Laboratory,1300,Chiayi,Zheng Yu Ping,1,25,Taiwan Coffee Laboratory Tai Wan Ka Pei Yan Jiu Shi,2022,2022-11-15,Taiwan Coffee Laboratory Tai Wan Ka Pei Yan Jiu Shi,Sl34,Completed,7.83,7.83,7.67,7.67,7.83,8.0,10.0,10.0,10.0,8.0,0.0,84.83,9.5,0,0,0,2023-11-15, TW,Natural , Dry,Greenish,
55,55,Taiwan,Sen Yue Gao Feng Ka Pei Zhuang Yuan,"The 2022 Pacific Rim Coffee Summit,T039",Sen Yue Gao Feng Ka Pei Zhuang Yuan,Taiwan Coffee Laboratory,1400,Nantou,Wu Zhen Hong,1,30,Taiwan Coffee Laboratory Tai Wan Ka Pei Yan Jiu Shi,2022,2022-11-15,Taiwan Coffee Laboratory Tai Wan Ka Pei Yan Jiu Shi,Sl34,Completed,7.67,7.92,7.92,7.83,7.75,7.83,10.0,10.0,10.0,7.83,0.0,84.75,10.4,0,0,0,2023-11-15, TW,Washed , Wet,Green,
56,56,Brazil,Fazenda Guariroba,FBT111,WetHulling,Mirai Seeds Corp,1100,Campo Das Vertentes,Homero Paiva,5,36,Japan Coffee Exchange,2022,2023-02-13,Marcelo Itoh,Yellow Bourbon,Completed,7.83,7.92,7.75,7.92,7.67,7.83,10.0,10.0,10.0,7.83,0.0,84.75,11.2,0,1,5,2024-02-13,BR,Double Carbonic Maceration , Natural,Green,
57,57,Panama,La Santa,2-237-05,La Santa,Panamerican Coffee Trading,1200,Boquete,La Santa,200,30,Specialty Coffee Association of Costa Rica,2023,2023-04-26,Rodrigo Soto,Catuai,Completed,7.83,7.83,7.75,7.92,7.83,7.75,10.0,10.0,10.0,7.83,0.0,84.75,10.3,0,1,5,2024-04-25,PA,Washed , Wet,Bluish,Green
58,58,Taiwan,Lan Yun Lu Hai Ka Pei,屏東縣瑪家鄉,Gan Zao Ji Tuo Ke Ji,Mao Tai Sheng Ji Gu Fen You Xian Gong Si,1200,台灣屏東,Zhuo Rong Hua,1,2,Taiwan Coffee Laboratory Tai Wan Ka Pei Yan Jiu Shi,2022,2022-12-30,Ethan Lee Li Zong Ru,Yellow Bourbon,Completed,7.92,8.08,7.67,7.92,7.67,7.75,10.0,10.0,10.0,7.75,0.0,84.75,10.0,0,0,0,2023-12-30, TW,Pulped Natural , Honey,Blue,Green
59,59,Guatemala,Varias Fincas,11/15/117,Varios Beneficios,Peter Schoenfeld SA,1600,Huehuetenango,Varios Productores,600,30,Asociacion Nacional Del Cafe,2023,2023-04-28,Yesica Alejandra Martinez Vasquez,Caturra,Completed,7.67,8.0,7.67,7.83,7.92,7.67,10.0,10.0,10.0,7.92,0.0,84.67,10.6,0,0,1,2024-04-27,GT,Washed , Wet,Green,
60,60,Guatemala,SAN RAFAEL URIAS VALDES,11/54876/03,ECO COFFEE,VALBROS S A,4895,Antigua Guatemala,VALBROS S A,66,30,Asociacion Nacional Del Cafe,2022,2022-05-19,Angelica Paola Citan Lopez,Bourbon,Completed,7.83,8.0,7.67,7.83,7.75,7.75,10.0,10.0,10.0,7.83,0.0,84.67,10.9,0,3,2,2023-05-19,GT,Natural , Dry,Yellow,Green
61,61,Costa Rica,Gamboa Farm,12075,Beneficio Montanas del Diamante,CECA SA,1850,Tarrazu,Martin Gutierrez,260,69,Specialty Coffee Association of Costa Rica,2023,2023-04-19,Joselyn Morales Quesada,Caturra,Completed,7.58,7.83,7.5,7.67,7.83,7.67,10.0,10.0,10.0,8.58,0.0,84.67,10.0,0,1,2,2024-04-18,CR,Washed , Wet,Green,
62,62,Taiwan,Luo Ma 8Hao Zhuang Yuan,A11-Northern Taiwan Specialty Coffee Evaluation,Luo Ma 8Hao Zhuang Yuan,Taiwu Coffee Cooperative,250,新竹縣,Luo Zheng Hong,1,16,Taiwan Coffee Laboratory Tai Wan Ka Pei Yan Jiu Shi,2022,2023-01-06,Taiwu,Typica,Completed,7.83,7.83,7.75,7.75,7.75,7.75,10.0,10.0,10.0,7.92,0.0,84.58,9.6,0,0,0,2024-01-06, TW,Pulped Natural , Honey,Greenish,
63,63,Taiwan,Da Chu Hua Jian Dachu Coffee Estate,2022臺南市精品咖啡評鑑批次,Da Chu Hua Jian Dachu Coffee Estate,Taiwan Coffee Laboratory,700,"( Dongshan Dist., Tainan City)",Guo Ya Cong KUOYATSUNG,16,5,Taiwan Coffee Laboratory Tai Wan Ka Pei Yan Jiu Shi,2022,2022-06-08,KUO YATSUNG,Gesha,Completed,8.17,7.83,7.67,7.83,7.67,7.67,10.0,10.0,10.0,7.75,0.0,84.58,11.5,0,0,0,2023-06-08, TW,Pulped Natural , Honey,Green,
64,64,Nicaragua,Finca Las Dos Marias,10 1.1,Compare Coperativo Condega Esteli Nicaragua,NicaNoLA Coffee,1350,Esteli,NicaNoLA Coffee,74,45,Specialty Coffee Association,2022,2022-06-09,rene j alcebo,Catrenic,Completed,7.92,7.75,7.67,7.67,7.83,7.75,10.0,10.0,10.0,8.0,0.0,84.58,9.9,1,0,2,2023-06-09,NI,Natural , Dry,Green,
65,65,Taiwan,Ya Mu Yi Ka Pei Zhuang Yuan,"The 2022 Pacific Rim Coffee Summit,T036",Ya Mu Yi Ka Pei Zhuang Yuan,Taiwan Coffee Laboratory,1250,Chiayi,Pu Han Wen,1,80,Taiwan Coffee Laboratory Tai Wan Ka Pei Yan Jiu Shi,2022,2022-11-15,Pu Han Wen,Gesha,Completed,8.08,7.83,7.67,7.67,7.67,7.75,10.0,10.0,10.0,7.92,0.0,84.58,11.2,0,0,2,2023-11-15, TW,Washed , Wet,Green,
66,66,Taiwan,Ming Yang Yuan,"The 2022 Pacific Rim Coffee Summit,T042",Ming Yang Yuan,Taiwan Coffee Laboratory,1450,Chiayi,Wang Zheng Yuan,1,104,Taiwan Coffee Laboratory Tai Wan Ka Pei Yan Jiu Shi,2022,2022-11-15,Taiwan Coffee Laboratory Tai Wan Ka Pei Yan Jiu Shi,Sl34,Completed,7.83,8.0,7.67,7.75,7.67,7.75,10.0,10.0,10.0,7.92,0.0,84.58,10.3,0,0,0,2023-11-15, TW,Natural , Dry,Green,
67,67,Vietnam,CupnCare,"The 2022 Pacific Rim Coffee Summit,VN02",CupnCare,Taiwan Coffee Laboratory,650,Quang Tri,TONG PHUC LAM TRADING SERVICES COMPANY LIMITED,3,5,Taiwan Coffee Laboratory Tai Wan Ka Pei Yan Jiu Shi,2022,2022-11-15,Taiwan Coffee Laboratory Tai Wan Ka Pei Yan Jiu Shi,Catimor,Completed,8.0,7.83,7.75,7.67,7.58,7.83,10.0,10.0,10.0,7.92,0.0,84.58,11.6,0,0,0,2023-11-15,VN,Natural , Dry,Brownish,
68,68,Costa Rica,La Cumbre,CQU2022018,La Montana Tarrazu MIll,Coffee Quality Union,1900,"Los Santos,Tarrazu",Santa Maria de Dota,1,22,Japan Coffee Exchange,2022,2022-10-04,Coffee Quality Union,Gesha,Completed,7.75,7.83,7.67,7.83,7.75,7.75,10.0,10.0,10.0,7.92,0.0,84.5,11.7,0,1,0,2023-10-04,CR,Washed , Wet,Green,
69,69,Taiwan,Miao 55Ka Pei Zhuang Yuan,A37-Northern Taiwan Specialty Coffee Evaluation,Miao 55Ka Pei Zhuang Yuan,Taiwu Coffee Cooperative,520,苗栗縣,Li Hong Yi,1,300,Taiwan Coffee Laboratory Tai Wan Ka Pei Yan Jiu Shi,2022,2023-01-06,Taiwu,Unknown,Completed,7.75,7.92,7.83,7.75,7.75,7.75,10.0,10.0,10.0,7.75,0.0,84.5,11.3,0,0,0,2024-01-06, TW,Pulped Natural , Honey,Bluish,Green
70,70,Honduras,La Cuchilla,36,Global Coffee,Mercon Honduras,1368,"Centro, Lagunetillas-Ajuterique, Comayagua",Jose Nahum Maldonado,340,69,Instituto Hondureno del Cafe,2023,2023-04-25,Comercial Internacional de Granos de Honduras SA de CV,Catuai,Completed,7.83,7.92,7.75,7.75,7.75,7.75,10.0,10.0,10.0,7.75,0.0,84.5,9.8,0,0,3,2024-04-24,HN,Washed , Wet,Green,
71,71,Ethiopia,TRACON TRADING PLC,0712,52Ha,Tracon Trading PLC,1943,Ethiopia,TRACON TRADING PLC,584,30,Blossom Valley InternationalChen Yi Guo Ji,2022,2022-08-23,Li Xiao Fei LI XIAO FEI,Ethiopian Heirlooms,Completed,7.92,7.83,7.75,7.92,7.58,7.67,10.0,10.0,10.0,7.83,0.0,84.5,10.9,0,0,9,2023-08-23,ET,Washed , Wet,Green,
72,72,Taiwan,917Nong Chang 917 Farm,2021/11,917Nong Chang 917 Farm,Taiwan Coffee Laboratory,400,玉里鎮Yuli Township,Huang Yi Xuan Huang Yixuan,1,20,Taiwan Coffee Laboratory Tai Wan Ka Pei Yan Jiu Shi,2022,2022-12-12,Huang Yi Xuan,Typica,Completed,8.08,7.92,7.75,7.83,7.5,7.58,10.0,10.0,10.0,7.83,0.0,84.5,10.2,0,0,0,2023-12-12, TW,Natural , Dry,Green,
73,73,Taiwan,Huang Ting Ka Pei Zhuang Yuan,"The 2022 Pacific Rim Coffee Summit,T031",Huang Ting Ka Pei Zhuang Yuan,Taiwan Coffee Laboratory,850,Yunlin,Chen Rong Feng,1,100,Taiwan Coffee Laboratory Tai Wan Ka Pei Yan Jiu Shi,2022,2022-11-15,Taiwan Coffee Laboratory Tai Wan Ka Pei Yan Jiu Shi,Gesha,Completed,7.83,8.0,7.5,7.75,7.75,7.75,10.0,10.0,10.0,7.83,0.0,84.42,10.1,0,0,1,2023-11-15, TW,Washed , Wet,Bluish,Green
75,75,United States of America,Mirandas Farm,Islander’s Coffee for Pacific Rim Summit,Greenwell,Taiwan Coffee Laboratory,1300,Ka'U District Of Big Island,Jose Berta Miranda,10,10,Taiwan Coffee Laboratory Tai Wan Ka Pei Yan Jiu Shi,2022,2022-11-09,Taiwan Coffee Laboratory Tai Wan Ka Pei Yan Jiu Shi,Catuai,Completed,7.92,7.83,7.75,7.92,7.5,7.67,10.0,10.0,10.0,7.75,0.0,84.33,10.1,3,0,7,2023-11-09,US,Washed , Wet,Yellow,Green
76,76,Ethiopia,Bisrat Melaku Washing Station,0065,Washing Station,Tadesse Desta import export,2361,Addis Ababa,Bisrat Melaku,320,60,METAD Agricultural Development plc,2022,2022-09-19,Tadesse Desta,Ethiopian Heirlooms,Completed,7.83,7.75,7.58,7.92,8.0,7.5,10.0,10.0,10.0,7.75,0.0,84.33,11.0,0,5,4,2023-09-19,ET,Natural , Dry,Yellow Green,
77,77,El Salvador,San Nicolas,"The 2022 Pacific Rim Coffee Summit,SV01",San Nicolas,Taiwan Coffee Laboratory,1500,Chalatenango,various producers,20,30,Taiwan Coffee Laboratory Tai Wan Ka Pei Yan Jiu Shi,2021,2022-11-15,Taiwan Coffee Laboratory Tai Wan Ka Pei Yan Jiu Shi,Pacamara,Completed,7.83,7.83,7.83,7.83,7.67,7.67,10.0,10.0,10.0,7.67,0.0,84.33,10.3,0,0,4,2023-11-15,SV,Pulped Natural , Honey,Brownish,
78,78,Colombia,Asociacion Tayronaca,NPCO-17418,Trilladora Santa Tirsa,Sucafina NA,2100,Sierra Nevada De Santa Marta,Grupo Tap,275,70,ASOCIACION COLOMBIANA PARA LA EXCELENCIA DEL CAFE,2022,2022-05-11,Sucafina Colombia SAS,"Castillo,Colombia Blend",Completed,7.75,7.75,7.75,7.75,7.83,7.67,10.0,10.0,10.0,7.83,0.0,84.33,11.6,0,0,1,2023-05-11,CO,Washed , Wet,Green,
79,79,Indonesia,Lintong NihutaDolok SanggulSumatera Utara,CQU2022018,Lintong NihutaDolok SanggulSumatera Utara,Coffee Quality Union,1300,"Lintong Nihuta/Dolok Sanggul,Sumatera Utara",Lintong NihutaDolok SanggulSumatera Utara,1,60,Japan Coffee Exchange,2022,2022-09-21,Coffee Quality Union,"Jember,Tim,Tim,Ateng",Completed,7.67,7.67,7.83,7.83,7.67,7.75,10.0,10.0,10.0,7.83,0.0,84.25,11.5,0,1,1,2023-09-21,ID,Wet Hulling,,Blue,Green
80,80,Guatemala,San jose del lago,11/15/96,San jose del lago,Peter Schoenfeld SA,1600,Atitlán,Cafetalera Paquim SA,55,30,Asociacion Nacional Del Cafe,2023,2023-04-17,Yesica Alejandra Martinez Vasquez,Typica,Completed,7.58,7.92,7.67,7.75,7.83,7.75,10.0,10.0,10.0,7.75,0.0,84.25,10.0,0,0,1,2024-04-16,GT,Washed , Wet,Green,
81,81,Madagascar,Mandroso,1,On the farm mechanical huller and polisher sorting by hand,Vao Vao Sarl,1500,Itasy,Marc Dumont,5,60,NKG Quality Service a division of Bernhard Rothfos Intercafe AG,2022,2022-12-12,Marc Dumont,Bourbon,Completed,7.92,7.92,7.58,7.75,7.58,7.67,10.0,10.0,10.0,7.83,0.0,84.25,12.1,0,0,0,2023-12-12,MG,Washed , Wet,Blue,Green
82,82,Honduras,La Cuchilla,8,Global Coffee,Mercon Honduras,1368,"Centro, Lagunetillas-Ajuterique, Comayagua",Jose Nahum Maldonado,345,30,Instituto Hondureno del Cafe,2023,2023-04-25,Comercial Internacional de Granos de Honduras SA de CV,Catuai,Completed,7.75,7.75,7.58,7.83,7.75,7.75,10.0,10.0,10.0,7.75,0.0,84.17,10.2,0,0,2,2024-04-24,HN,Washed , Wet,Green,
83,83,Guatemala,san francisco cotzal,11/441/49,inmobiliaria e inversiones dos mil sa,inmobiliaria e inversiones dos mil sa,1600,Quiche,san francisco cotzal,275,69,Asociacion Nacional Del Cafe,2022,2022-05-19,Angelica Paola Citan Lopez,Caturra,Completed,7.58,7.92,7.58,7.83,7.75,7.67,10.0,10.0,10.0,7.75,0.0,84.08,11.0,0,3,2,2023-05-19,GT,Washed , Wet,Green,
84,84,Taiwan,Zhu Lun Zi Zhuang Yuan,A32-Northern Taiwan Specialty Coffee Evaluation,Zhu Lun Zi Zhuang Yuan,Taiwu Coffee Cooperative,150,新北市,Qiu Jian Ming,1,110,Taiwan Coffee Laboratory Tai Wan Ka Pei Yan Jiu Shi,2022,2023-01-06,Taiwu,Unknown,Completed,7.83,7.92,7.83,7.58,7.58,7.67,10.0,10.0,10.0,7.67,0.0,84.08,10.8,0,0,2,2024-01-06, TW,Pulped Natural , Honey,Greenish,
85,85,Taiwan,Yuan Fu Ka Pei Zhuang Yuan,"The 2022 Pacific Rim Coffee Summit,T017",Yuan Fu Ka Pei Zhuang Yuan,Taiwan Coffee Laboratory,800,Yunlin,Li Hong Qi,1,80,Taiwan Coffee Laboratory Tai Wan Ka Pei Yan Jiu Shi,2022,2022-11-15,Taiwan Coffee Laboratory Tai Wan Ka Pei Yan Jiu Shi,Gesha,Completed,7.92,7.75,7.67,7.75,7.75,8.0,9.33,10.0,10.0,7.92,0.0,84.08,10.6,0,0,0,2023-11-15, TW,Natural , Dry,Yello,Green
86,86,Guatemala,varias fincas,11/15/51,El TrebolLinea Gourmet,Peter Schoenfeld SA,1550,Oriente Santa Rosa,varios productores,430,30,Asociacion Nacional Del Cafe,2023,2023-03-22,Yesica Alejandra Martinez Vasquez,Caturra,Completed,7.67,7.83,7.67,7.83,7.75,7.67,10.0,10.0,10.0,7.67,0.0,84.08,11.0,0,1,2,2024-03-21,GT,Washed , Wet,Green,
87,87,Guatemala,varias fincas,11/15/59,El TrebolLinea Gourmet,Peter Schoenfeld SA,1550,Sierra De Las Minas,varios productores,200,30,Asociacion Nacional Del Cafe,2023,2023-03-22,Yesica Alejandra Martinez Vasquez,Caturra,Completed,7.67,7.92,7.67,7.75,7.67,7.58,10.0,10.0,10.0,7.75,0.0,84.0,11.0,0,2,2,2024-03-21,GT,Washed , Wet,Green,
88,88,Honduras,finca de la casa,"The 2022 Pacific Rim Coffee Summit,HN04",De la casa,Taiwan Coffee Laboratory,1800,"San Andrés, Lempira",Irma Consuelo Bonilla Hernandez,16,30,Taiwan Coffee Laboratory Tai Wan Ka Pei Yan Jiu Shi,2022,2022-11-15,KaoSIngjay,Typica,Completed,7.75,7.75,7.75,7.67,7.75,7.67,10.0,10.0,10.0,7.67,0.0,84.0,9.4,0,0,0,2023-11-15,HN,Pulped Natural , Honey,Green,
89,89,Tanzania,KONGONI ESTATE,CN 4127230031/P-9139,RAFIKI MILL,CDORMAN SEZ LTD,1675,Arusha,DORMAN T LTD,200,60,Kenya Coffee Traders Association,2023,2023-01-03,Gilbert Maina,Bourbon,Completed,7.58,7.67,7.75,7.75,7.75,7.75,10.0,10.0,10.0,7.75,0.0,84.0,9.8,0,0,3,2024-01-03,TZ,Washed , Wet,Greenish,
90,90,Ethiopia,Ecom Agroindustrial,1077,Beneficio humedo,Descafeinadores Mexicano SA de CV,1800,Sidama,Ecom Agroindustrial,300,60,Centro Agroecologico del Cafe AC,2022,2022-11-18,Descafeinadores Mexicanos SA de CV,Ethiopian Heirlooms,Completed,8.0,7.75,7.5,7.67,7.67,7.67,10.0,10.0,10.0,7.75,0.0,84.0,11.3,1,1,1,2023-11-18,ET,Washed , Wet,Green,
91,91,Tanzania,MASHIMA AMCOS,CN 4127220159/4189220459,GOURMET COFFEE MILL,DORMAN T LTD,1550,Kilimanjaro,DORMAN,320,60,Kenya Coffee Traders Association,2023,2022-11-21,Gilbert Maina,Bourbon,Completed,7.75,7.58,7.58,7.92,7.67,7.75,10.0,10.0,10.0,7.75,0.0,84.0,11.6,0,0,2,2023-11-21,TZ,Washed , Wet,Greenish,
92,92,Colombia,COO,3-002-00883,Laumayer Armenia,InterAmerican Coffee,1550,Huila,Cooperativa Central de Caficultores del Huila,275,70,NKG Quality Service a division of Bernhard Rothfos Intercafe AG,2022,2022-07-27,Charles Umeano,Caturra,Completed,7.67,7.83,7.58,7.92,7.67,7.67,10.0,10.0,10.0,7.67,0.0,84.0,13.3,0,2,3,2023-07-27,CO,Washed , Wet,Green,
93,93,Costa Rica,Gamboa Farm,12077-01,Beneficio Montanas del Diamante,CECA SA,1850,Tarrazu,Martin Gutierrez,250,35,Specialty Coffee Association of Costa Rica,2023,2023-04-19,Joselyn Morales Quesada,Caturra,Completed,7.67,7.92,7.58,7.75,7.67,7.58,10.0,10.0,10.0,7.75,0.0,83.92,9.5,0,0,2,2024-04-18,CR,Washed , Wet,Green,
94,94,Guatemala,El Morito,"The 2022 Pacific Rim Coffee Summit,GT01",Sube,Taiwan Coffee Laboratory,1900,New Oriente,Various producers,1,15,Taiwan Coffee Laboratory Tai Wan Ka Pei Yan Jiu Shi,2021,2022-11-15,Taiwan Coffee Laboratory Tai Wan Ka Pei Yan Jiu Shi,Gesha,Completed,7.83,7.83,7.58,7.67,7.67,7.58,10.0,10.0,10.0,7.75,0.0,83.92,11.9,0,0,0,2023-11-15,GT,Natural , Dry,Greenish,
95,95,Guatemala,San jose del lago,11/15/95,San jose del lago,Peter Schoenfeld SA,1600,Atitlán,Cafetalera Paquim SA,35,30,Asociacion Nacional Del Cafe,2023,2023-04-17,Yesica Alejandra Martinez Vasquez,Bourbon,Completed,7.58,7.83,7.58,7.75,7.67,7.75,10.0,10.0,10.0,7.75,0.0,83.92,10.0,0,1,2,2024-04-16,GT,Washed , Wet,Green,
96,96,Thailand,Baan San Charoen,CQU2022016,Baan San Charoen,Coffee Quality Union,1350,Nan,Phaibul Kitcharoen,1,30,Japan Coffee Exchange,2022,2022-09-21,Coffee Quality Union,Catimor,Completed,7.75,7.67,7.58,7.75,7.75,7.67,10.0,10.0,10.0,7.75,0.0,83.92,11.6,0,0,3,2023-09-21,TH,Natural , Dry,Yellowish,
99,99,Guatemala,SAN RAFAEL URIAS VALDES,AMNI-22-0905,BENEFICIO SANTA RITA S A,Asociacion Nacional del Cafe,5272,Antigua Guatemala,VALBROS S A,635,30,Asociacion Nacional Del Cafe,2022,2022-05-19,Angelica Paola Citan Lopez,Bourbon,Completed,7.58,7.92,7.5,7.67,7.75,7.67,10.0,10.0,10.0,7.75,0.0,83.83,10.9,0,1,4,2023-05-19,GT,Washed , Wet,Greenish,
100,100,Ethiopia,Gerbicho Lela Cooperative,1,Sidama Coffee Farmers Cooperative Union,Taylor Winch Coffee Ltd,2000,Sidama,Sidama Coffee Farmers Cooperative Union,100,60,Kenya Coffee Traders Association,2022,2022-09-09,Taylor Winch Coffee Ltd,Ethiopian Heirlooms,Completed,7.83,7.67,7.5,7.92,7.5,7.67,10.0,10.0,10.0,7.75,0.0,83.83,12.0,0,0,12,2023-09-09,ET,Washed , Wet,Green,
101,101,Colombia,N A,3-0068-00886,Trilladora Popayan,ECOM COLOMBIA,1700,Cauca,Regional producers,285,70,ASOCIACION COLOMBIANA PARA LA EXCELENCIA DEL CAFE,2023,2023-02-22,Raul Vargas,Caturra,Completed,7.92,7.75,7.42,7.58,7.92,7.67,10.0,10.0,10.0,7.58,0.0,83.83,12.1,2,5,5,2024-02-22,CO,Washed , Wet,Green,
102,102,United States of America,various farms,"The 2022 Pacific Rim Coffee Summit,US02",Aloha Hills Kona Coffee,Taiwan Coffee Laboratory,500,Ka'U,Isla Custom Coffees,4,15,Taiwan Coffee Laboratory Tai Wan Ka Pei Yan Jiu Shi,2022,2022-11-15,Taiwan Coffee Laboratory Tai Wan Ka Pei Yan Jiu Shi,Typica,Completed,7.67,7.92,7.58,7.58,7.58,7.75,10.0,10.0,10.0,7.75,0.0,83.83,11.8,0,3,3,2023-11-15,US,Washed , Wet,Green,
103,103,Colombia,La Gallera,"The 2022 Pacific Rim Coffee Summit,CO02",La Gallera,Taiwan Coffee Laboratory,1800,Tolima,Oscar Javier Paez Family,40,35,Taiwan Coffee Laboratory Tai Wan Ka Pei Yan Jiu Shi,2022,2022-11-15,PeiHsun Lin,Bourbon Sidra,Completed,7.67,7.92,7.67,7.58,7.67,7.67,10.0,10.0,10.0,7.58,0.0,83.75,10.6,0,0,1,2023-11-15,CO,Pulped Natural , Honey,Greenish,
104,104,Mexico,Finca Custepec,312,exportadora de cafe california,Exportadora Cafe California,1200,Chiapas,Armando Pohlenz,600,30,Centro Agroecologico del Cafe AC,2023,2023-04-05,ANDREAS KUSSMAUL,Sarchimor,Completed,7.67,7.67,7.58,7.67,7.83,7.58,10.0,10.0,10.0,7.75,0.0,83.75,11.7,4,0,12,2024-04-04,MX,Washed , Wet,Green,
106,106,Taiwan,Yong Shun Ka Pei Zhuang Yuan,202203,yes,Yongshun,1250,"Caoling , Gukeng Township, Yunlin County",Su Gan Yong,50,2,Blossom Valley InternationalChen Yi Guo Ji,2022,2022-10-24,Yongshun,Sl34,Completed,7.67,7.67,7.75,7.75,7.5,7.67,10.0,10.0,10.0,7.67,0.0,83.67,10.0,0,0,0,2023-10-24, TW,Washed , Wet,Bluish,Green
107,107,Myanmar,Aromatic,"The 2022 Pacific Rim Coffee Summit,MM01",Aromatic,Taiwan Coffee Laboratory,1400,South Shan State,Lim,100,30,Taiwan Coffee Laboratory Tai Wan Ka Pei Yan Jiu Shi,2022,2022-11-15,PeiHsun Lin,"Catimor,Catuai,Caturra,Bourbon",Completed,7.83,7.83,7.67,7.58,7.58,7.58,10.0,10.0,10.0,7.58,0.0,83.67,10.2,0,1,1,2023-11-15,MM,Natural , Dry,Pale Yellow,
108,108,Taiwan,Heng Shan Nong Chang,A05-Northern Taiwan Specialty Coffee Evaluation,Heng Shan Nong Chang,Taiwu Coffee Cooperative,300,新竹縣,Luo Yi Shan,1,13,Taiwan Coffee Laboratory Tai Wan Ka Pei Yan Jiu Shi,2022,2023-01-06,Taiwu,Unknown,Completed,7.58,7.75,7.67,7.83,7.5,7.67,10.0,10.0,10.0,7.67,0.0,83.67,9.2,0,0,0,2024-01-06, TW,Pulped Natural , Honey,Greenish,
109,109,Honduras,Maria Bonita,"The 2022 Pacific Rim Coffee Summit,HN01",Cafe Organic Marcala SA COMSA,Taiwan Coffee Laboratory,1470,"San Jose, La Paz",Pedro Turcios,9,15,Taiwan Coffee Laboratory Tai Wan Ka Pei Yan Jiu Shi,2021,2022-11-15,Taiwan Coffee Laboratory Tai Wan Ka Pei Yan Jiu Shi,Parainema,Completed,7.67,7.67,7.58,7.75,7.67,7.67,10.0,10.0,10.0,7.67,0.0,83.67,11.1,0,2,1,2023-11-15,HN,Natural , Dry,Pale Yellow,
110,110,Taiwan,Zheng Yuan Ka Pei,A30-Northern Taiwan Specialty Coffee Evaluation,Zheng Yuan Ka Pei,Taiwu Coffee Cooperative,325,新竹縣,Peng Wen Zheng,1,10,Taiwan Coffee Laboratory Tai Wan Ka Pei Yan Jiu Shi,2022,2023-01-06,Taiwu,Unknown,Completed,7.58,7.67,7.5,7.75,7.75,7.67,10.0,10.0,10.0,7.67,0.0,83.58,8.4,0,0,0,2024-01-06, TW,Natural , Dry,Green,
111,111,Taiwan,Song Ming Guang Bian Fu Dong Zhuang Yuan Bian Fu Dong Zhuang Yuan,A14-Northern Taiwan Specialty Coffee Evaluation,Song Ming Guang Bian Fu Dong Zhuang Yuan Bian Fu Dong Zhuang Yuan,Taiwu Coffee Cooperative,275,新竹縣,Song Ming Guang,1,10,Taiwan Coffee Laboratory Tai Wan Ka Pei Yan Jiu Shi,2022,2023-01-06,Taiwu,Typica,Completed,7.58,7.75,7.58,7.75,7.58,7.67,10.0,10.0,10.0,7.67,0.0,83.58,9.1,0,0,0,2024-01-06, TW,Pulped Natural , Honey,Green,
112,112,Guatemala,SAN FRANCISCO COTZAL,P-4142,INMOBILIARIA E INVERSIONES DOS MIL S A,Asociacion Nacional del Cafe,1600,Quiche,SAN FRANCISCO COTZAL,275,69,Asociacion Nacional Del Cafe,2022,2022-05-19,Angelica Paola Citan Lopez,Caturra,Completed,7.58,7.83,7.58,7.67,7.58,7.58,10.0,10.0,10.0,7.75,0.0,83.58,10.9,0,2,4,2023-05-19,GT,Washed , Wet,Green,
113,113,Honduras,varias,AMNI-22-6011-1,Beneficio seco,Cafe Organico Marcala SA de CV,1400,Marcala,comsa,260,69,Instituto Hondureno del Cafe,2022,2022-08-17,Eliud Hernandez Gonzales,Shg,Completed,7.75,7.67,7.58,7.58,7.58,7.67,10.0,10.0,10.0,7.67,0.0,83.5,11.2,0,1,5,2023-08-17,HN,Washed , Wet,Green,
114,114,Colombia,La fortaleza,3-0104-00202 Popayán Supremo,Trilladora Pubenza,Cafe Colsuaves,1700,Popayán Cauca,La fortaleza,600,30,ASOCIACION COLOMBIANA PARA LA EXCELENCIA DEL CAFE,2022,2023-01-18,pablo velosa,Caturra,Completed,7.75,7.75,7.5,7.58,7.83,7.5,10.0,10.0,10.0,7.58,0.0,83.5,12.2,0,0,2,2024-01-18,CO,Washed , Wet,Bluish,Green
115,115,Thailand,Doi Tung Development Project,BOURBON 21/22 (Coffea Arabica),Dry Mill,Doi Tung Development Project,1390,North Of Thailand,Doi Tung Development Project,2,1,FABB Academy of Coffee,2022,2022-07-14,Doi Tung Development Project,Bourbon,Completed,7.42,7.83,7.58,7.67,7.67,7.75,10.0,10.0,10.0,7.58,0.0,83.5,13.1,0,0,0,2023-07-14,TH,Washed , Wet,Green,
116,116,Ethiopia,YHAENU PLC FARM,1,GUJI COFFEE EXPORT PLC,yhaenu plc,1700,Oromia,YHAENU PLC,320,19200,METAD Agricultural Development plc,2022,2022-11-30,YHAENU PLC,Ethiopian Heirlooms,Completed,7.42,7.42,7.42,8.0,7.92,7.67,10.0,10.0,10.0,7.67,0.0,83.5,10.4,0,1,11,2023-11-30,ET,Washed , Wet,Greenish,
117,117,Thailand,Doi Nan,CQU2022011,Doi Nan,Coffee Quality Union,1450,Suan Ya Lung,Chalerm,5,2,Japan Coffee Exchange,2022,2022-06-16,Coffee Quality Union,Java,Completed,7.67,7.67,7.5,7.67,7.58,7.67,10.0,10.0,10.0,7.67,0.0,83.42,11.6,0,2,0,2023-06-16,TH,Washed , Wet,Green,
118,118,Uganda,Bugisu Shamba,035/170/5021210,Kawacom,Kawacom uganda LTD,1650,Mt Elgon,Kawacom Uganda Ltd,150,60,Uganda Coffee Development Authority,2022,2022-07-07,Kawacom Uganda LTD,Sl14,Completed,7.75,7.75,7.5,7.5,7.58,7.58,10.0,10.0,10.0,7.75,0.0,83.42,10.1,0,0,3,2023-07-07,UG,Washed , Wet,Green,
119,119,Taiwan,Xiang Xiang Jiu Yi Ka Pei Zhuang Yuan,"The 2022 Pacific Rim Coffee Summit,T022",Xiang Xiang Jiu Yi Ka Pei Zhuang Yuan,Taiwan Coffee Laboratory,1100,Chiayi,Wu Zhao Yun,1,40,Taiwan Coffee Laboratory Tai Wan Ka Pei Yan Jiu Shi,2022,2022-11-15,Wu Jhao Yun,"Typica,Sl34",Completed,7.75,7.92,7.67,7.92,7.75,7.83,8.67,10.0,10.0,7.92,0.0,83.42,10.1,0,0,0,2023-11-15, TW,Washed , Wet,Blue,Green
120,120,Uganda,Masereka William,7969,Dry Mill,Kyagalanyi Coffee Limited,1905,Rwenzori,Kyagalanyi coffee limited,320,60,Uganda Coffee Development Authority,2022,2022-09-01,KYAGALANYI COFFEE LIMITED,Sl14,Completed,7.75,7.67,7.58,7.5,7.67,7.5,10.0,10.0,10.0,7.67,0.0,83.33,11.1,0,0,5,2023-09-01,UG,Washed , Wet,Green,
121,121,Taiwan,Si Fen Zi Dao,A04-Northern Taiwan Specialty Coffee Evaluation,Si Fen Zi Dao,Taiwu Coffee Cooperative,250,新竹縣,Lin Shi Jie,1,8,Taiwan Coffee Laboratory Tai Wan Ka Pei Yan Jiu Shi,2022,2023-01-06,Taiwu,Typica,Completed,7.58,7.67,7.5,7.75,7.5,7.58,10.0,10.0,10.0,7.75,0.0,83.33,9.7,0,0,0,2024-01-06, TW,Pulped Natural , Honey,Greenish,
122,122,Guatemala,MI CAFECITO LA PROVIDENCIA,1,MI CAFECITO + AGUA SANTA LA PROVIDENCIA + AGUA SANTA,MrBrown Cafe,1302,New Oriente & Huehuetenango,500 PRODUCERS,320,60,Taiwan Coffee Laboratory Tai Wan Ka Pei Yan Jiu Shi,2021,2022-12-30,MRBROWN CAFE,"Marsellesa,Catuai,Caturra,Marsellesa,Anacafe 14,Catuai",Completed,7.5,7.75,7.58,7.75,7.67,7.58,10.0,10.0,10.0,7.5,0.0,83.33,11.4,0,0,0,2023-12-30,GT,Washed , Wet,Green,
123,123,Taiwan,Mu Hua Zhuang Yuan,A21-Northern Taiwan Specialty Coffee Evaluation,Mu Hua Zhuang Yuan,Taiwu Coffee Cooperative,300,桃園市,Jian Jin Cai,1,80,Taiwan Coffee Laboratory Tai Wan Ka Pei Yan Jiu Shi,2022,2023-01-06,Taiwu,Typica,Completed,7.58,7.67,7.58,7.75,7.42,7.58,10.0,10.0,10.0,7.75,0.0,83.33,9.6,0,0,1,2024-01-06, TW,Washed , Wet,Green,
124,124,Colombia,El Laurel,1,Hulling facility,Minka coffee company LTD,1100,Sierra Nevada De Santa Marta,Eric SELLIN,2,1,FABB Academy of Coffee,2022,2022-09-30,piradaPKPL,Caturra,Completed,7.67,7.67,7.42,7.75,7.5,7.75,10.0,10.0,10.0,7.58,0.0,83.33,13.5,0,0,0,2023-09-30,CO,Washed , Wet,Greenish,
125,125,Costa Rica,Gamboa Farm,12074,Beneficio Montanas del Diamante,CECA SA,1850,Tarrazu,Martin Gutierrez,320,69,Specialty Coffee Association of Costa Rica,2023,2023-04-19,Joselyn Morales Quesada,Caturra,Completed,7.58,7.75,7.42,7.67,7.5,7.75,10.0,10.0,10.0,7.67,0.0,83.33,0.0,0,0,3,2024-04-18,CR,Washed , Wet,Green,
126,126,Taiwan,Dong Hong Ka Pei Zhuang Yuan,"The 2022 Pacific Rim Coffee Summit,T019",Dong Hong Ka Pei Zhuang Yuan,Taiwan Coffee Laboratory,750,Yunlin,Chen Shan Dong,1,100,Taiwan Coffee Laboratory Tai Wan Ka Pei Yan Jiu Shi,2022,2022-11-15,CHEN SHAN DONG Chen Shan Dong,Sl34,Completed,7.75,7.83,7.58,7.58,7.58,7.5,10.0,10.0,10.0,7.5,0.0,83.33,10.7,0,0,1,2023-11-15, TW,Washed , Wet,Blue,Green
127,127,Thailand,Doi Tung Development Project,TYPICA 21/22 (Coffea Arabica),Dry Mill,Doi Tung Development Project,1400,North Of Thailand,Doi Tung Development Project,2,1,FABB Academy of Coffee,2022,2022-07-14,Doi Tung Development Project,Typica,Completed,7.92,7.92,7.75,7.33,7.58,7.5,10.0,10.0,10.0,7.33,0.0,83.33,12.3,0,0,16,2023-07-14,TH,Washed , Wet,Yellow,Green
128,128,Tanzania,MASHIMA AMCOS,CN 4127220163/4189220459,GOURMET COFFEE MILL,DORMAN TANZANIA LTD,1550,Kilimanjaro,DORMAN TANZANIA LTD,320,60,Kenya Coffee Traders Association,2023,2023-01-03,Gilbert Maina,Bourbon,Completed,7.92,7.67,7.42,7.5,7.67,7.58,10.0,10.0,10.0,7.5,0.0,83.25,10.4,0,0,8,2024-01-03,TZ,Washed , Wet,Greenish,
129,129,Brazil,Fazenda Conquista e Capoeirinha,004/22,Dry mill,Ipanema Coffees,950,Sul De Minas,Ipanema Agricola SA,960,60,Brazil Specialty Coffee Association,2023,2023-02-13,Ipanema Coffees,Mundo Novo,Completed,7.58,7.5,7.5,7.83,7.67,7.5,10.0,10.0,10.0,7.67,0.0,83.25,11.6,0,0,4,2024-02-13,BR,Natural , Dry,Green,
130,130,Taiwan,Bang Bang You Ji Nong Chang,A41-Northern Taiwan Specialty Coffee Evaluation,Bang Bang You Ji Nong Chang,Taiwu Coffee Cooperative,1150,苗栗縣,Lin Mu Qing,1,320,Taiwan Coffee Laboratory Tai Wan Ka Pei Yan Jiu Shi,2022,2023-01-06,Taiwu,Unknown,Completed,7.75,7.75,7.58,7.67,7.42,7.5,10.0,10.0,10.0,7.58,0.0,83.25,9.6,0,0,1,2024-01-06, TW,Washed , Wet,Green,
131,131,Colombia,Buenos Aires,CQU2023003,Buenos Aires,Coffee Quality Union,1390,Quindio,Chucho Bedoya,2,12,Japan Coffee Exchange,2022,2023-04-07,Coffee Quality Union,"Red Bourbon,Caturra",Completed,7.67,7.67,7.58,7.67,7.58,7.58,10.0,10.0,10.0,7.5,0.0,83.25,10.9,0,0,2,2024-04-06,CO,Anaerobico 1000H,,Brownish,
132,132,Honduras,La Bendicion,"The 2022 Pacific Rim Coffee Summit,HN03",COMSA Cafe Organic Marcala SA,Taiwan Coffee Laboratory,1600,"Marcala, La Paz",Joaquin Suazo,9,15,Taiwan Coffee Laboratory Tai Wan Ka Pei Yan Jiu Shi,2021,2022-11-15,Taiwan Coffee Laboratory Tai Wan Ka Pei Yan Jiu Shi,Lempira,Completed,7.67,7.75,7.67,7.58,7.5,7.58,10.0,10.0,10.0,7.5,0.0,83.25,10.5,0,0,3,2023-11-15,HN,Washed , Wet,Bluish,Green
133,133,Honduras,varias,AMNI-22-6011-2,Beneficio seco,Cafe Organico Marcala SA de CV,1400,Marcala,comsa,260,69,Instituto Hondureno del Cafe,2022,2022-08-17,Eliud Hernandez Gonzales,Catuai,Completed,7.75,7.58,7.58,7.58,7.5,7.58,10.0,10.0,10.0,7.67,0.0,83.25,11.3,0,1,5,2023-08-17,HN,Washed , Wet,Green,
134,134,Taiwan,Mi Duo Zhuang Yuan,A35-Northern Taiwan Specialty Coffee Evaluation,Mi Duo Zhuang Yuan,Taiwu Coffee Cooperative,250,新竹縣,Zhang Xin Rong,1,16,Taiwan Coffee Laboratory Tai Wan Ka Pei Yan Jiu Shi,2022,2023-01-06,Taiwu,Typica,Completed,7.75,7.75,7.5,7.75,7.5,7.42,10.0,10.0,10.0,7.5,0.0,83.17,9.7,0,0,2,2024-01-06, TW,Natural , Dry,Greenish,
135,135,Taiwan,Ying Xi Shan Qiu,A20-Northern Taiwan Specialty Coffee Evaluation,Ying Xi Shan Qiu,Taiwu Coffee Cooperative,340,苗栗縣,Weng Zhao An,1,100,Taiwan Coffee Laboratory Tai Wan Ka Pei Yan Jiu Shi,2022,2023-01-06,Taiwu,Unknown,Completed,7.67,7.67,7.5,7.58,7.58,7.5,10.0,10.0,10.0,7.67,0.0,83.17,11.8,0,0,0,2024-01-06, TW,Washed , Wet,Blue,Green
136,136,Laos,Nongluang Bolaven Plateau,DCN03.11.2022,Dao Heuang Group,Dao Heuang Group,1250,"Nongluang Bolaven Plateau, Champasack, Lao Pdr",Dao Heuang Group,26,60,Specialty Coffee Association of Indonesia,2022,2022-12-30,Dao Heuang Group,Catimor,Completed,7.67,7.75,7.33,7.67,7.58,7.5,10.0,10.0,10.0,7.58,0.0,83.08,11.8,0,0,7,2023-12-30,LA,Natural , Dry,Brownish,
137,137,Honduras,La Cuchilla,187,CIGRAH,CIGRAH,1368,"Centro, Lagunetillas - Ajuterique, Comayagua",Fausto Nahun Maldonado,250,69,Instituto Hondureno del Cafe,2022,2022-05-23,Comercial Internacional de Granos de Honduras SA de CV,Catuai,Completed,7.67,7.67,7.5,7.58,7.58,7.5,10.0,10.0,10.0,7.58,0.0,83.08,10.6,0,2,7,2023-05-23,HN,Washed , Wet,Green,
138,138,Honduras,Bethel,198,CADEXSA,CADEXSA,1450,"Los Planes De Santa Maria, La Paz",Omar Acosta,325,69,Instituto Hondureno del Cafe,2023,2023-04-25,CADEXSA,Catuai,Completed,7.75,7.58,7.58,7.58,7.58,7.5,10.0,10.0,10.0,7.5,0.0,83.08,9.6,0,0,2,2024-04-24,HN,Washed , Wet,Green,
139,139,Colombia,EL PRADO,3-59-0654,NEIVA,carcafe ltda,1650,Huila,FRANKLIN DUSSAN,600,30,ASOCIACION COLOMBIANA PARA LA EXCELENCIA DEL CAFE,2023,2023-01-13,rodrigo amaya,Caturra,Completed,8.0,7.67,7.42,7.58,7.58,7.42,10.0,10.0,10.0,7.33,0.0,83.0,13.1,0,0,1,2024-01-13,CO,Washed , Wet,Bluish,Green
140,140,Taiwan,Shu Qiao Wo Zhuang Yuan,A17-Northern Taiwan Specialty Coffee Evaluation,Shu Qiao Wo Zhuang Yuan,Taiwu Coffee Cooperative,275,新竹縣,Wang Wei Shu,1,12,Taiwan Coffee Laboratory Tai Wan Ka Pei Yan Jiu Shi,2022,2023-01-06,Taiwu,Typica,Completed,7.5,7.67,7.58,7.58,7.5,7.5,10.0,10.0,10.0,7.58,0.0,82.92,8.9,0,0,0,2024-01-06, TW,Pulped Natural , Honey,Blue,Green
141,141,Mexico,Finca Tequihua,001,Coatepec Veracruz,La Villa Coffee Company LLC,1350,"Zongolica, Veracruz",Martin Tequihuatle Zepahua,141,69,Centro Agroecologico del Cafe AC,2022,2022-08-11,Alvin La Vaughn Landry,Bourbon,Completed,7.75,7.5,7.42,7.67,7.58,7.5,10.0,10.0,10.0,7.5,0.0,82.92,11.9,2,0,1,2023-08-11,MX,Washed , Wet,Green,
142,142,Colombia,La Argentina,CQU2022013,La Argentina,Coffee Quality Union,1350,Quindio,Augusto Torres,1,12,Japan Coffee Exchange,2022,2022-06-16,Coffee Quality Union,Typica Gesha,Completed,7.58,7.5,7.5,7.67,7.58,7.5,10.0,10.0,10.0,7.58,0.0,82.92,11.5,0,1,3,2023-06-16,CO,Washed , Wet,Greenish,
144,144,Honduras,Varias,273,Beneficio Seco Comsa,Cafe Organico Marcala SA de CV,1280,Marcala,Varios,275,69,Instituto Hondureno del Cafe,2023,2023-04-24,Eliud Hernandez Gonzales,Catuai,Completed,7.67,7.58,7.5,7.5,7.58,7.5,10.0,10.0,10.0,7.5,0.0,82.83,10.0,0,0,4,2024-04-23,HN,Washed , Wet,Green,
145,145,Thailand,Doi Tung Development Project,GAYO 21/22 (Coffea Arabica),Dry Mill,Doi Tung Development Project,1400,North Of Thailand,Doi Tung Development Project,2,1,FABB Academy of Coffee,2022,2022-07-14,Doi Tung Development Project,Gayo,Completed,7.17,7.92,7.58,7.5,7.58,7.67,10.0,10.0,10.0,7.42,0.0,82.83,11.8,0,0,5,2023-07-14,TH,Washed , Wet,Yellow,Green
146,146,Vietnam,Ea tan Cooperative,VHA- S3,SIMEXCO DAKLAK LTD,SIMEXCO DAKLAK LTD,900,"Eatan Commune, Krong Nang District, Krong Nang Province",Ea Tan Cooperative,22,60,Specialty Coffee Association,2022,2022-06-03,Simexco DakLak,Catimor,Completed,7.58,7.42,7.58,7.5,7.67,7.75,10.0,10.0,10.0,7.33,0.0,82.83,13.3,0,0,4,2023-06-03,VN,Pulped Natural , Honey,Green,
147,147,Nicaragua,Finca San Felipe,017-053-0017,Beneficio Atlantic Sebaco,Exportadora Atlantic SA,1200,Matagalpa,Exportadora Atlantic SA,275,69,Asociacion de Cafes Especiales de Nicaragua,2023,2023-01-30,Exportadora Atlantic SA,Shg,Completed,7.33,7.58,7.25,7.33,7.75,8.17,10.0,10.0,10.0,7.33,0.0,82.75,10.5,5,2,1,2024-01-30,NI,Natural , Dry,Green,
148,148,Costa Rica,AMA EL AROMA Micro lot Sunrise,"The 2022 Pacific Rim Coffee Summit,CR01",Micro mill,Taiwan Coffee Laboratory,1450,West Villege,various producers,10,30,Taiwan Coffee Laboratory Tai Wan Ka Pei Yan Jiu Shi,2021,2022-11-15,Taiwan Coffee Laboratory Tai Wan Ka Pei Yan Jiu Shi,Sl28,Completed,7.33,7.5,7.25,7.92,7.75,7.58,10.0,10.0,10.0,7.42,0.0,82.75,11.8,0,0,1,2023-11-15,CR,Pulped Natural , Honey,Pale Yellow,
149,149,Colombia,Federacion Nacional de Cafeteros de Colombia,3/01/12857,Federacion Nacional de Cafeteros de Colombia,NIPPON COFFEE TRADING COLTD,1700,Huila,Federacion Nacional de Cafeteros de Colombia,250,70,Japan Coffee Exchange,2022,2022-07-11,Yukinobu Ueda,Caturra,Completed,7.58,7.67,7.58,7.5,7.33,7.5,10.0,10.0,10.0,7.5,0.0,82.67,11.8,0,1,2,2023-07-11,CO,Washed , Wet,Green,
150,150,Thailand,Doi Tung Development Project,CATURRA 21/22 (Coffea Arabica),Dry Mill,Doi Tung Development Project,1390,North Of Thailand,Doi Tung Development Project,2,1,FABB Academy of Coffee,2022,2022-07-14,Doi Tung Development Project,Caturra,Completed,7.33,7.58,7.58,7.5,7.67,7.67,10.0,10.0,10.0,7.33,0.0,82.67,13.0,1,0,0,2023-07-14,TH,Washed , Wet,Greenish,
151,151,Thailand,Kevin Coffee,21/22,Dry mill,Square Root,1200,Chiang Mai,Kevin Wattana,6,50,Specialty Coffee Institute of Thailand,2022,2022-06-14,Sajcha tawaytibhong,"Bourbon,Catimor,Caturra,Typica",Completed,7.5,7.58,7.5,7.42,7.5,7.58,10.0,10.0,10.0,7.58,0.0,82.67,11.2,0,0,0,2023-06-14,TH,Natural , Dry,Yellow Green,
152,152,Honduras,Bethel,197,CADEXSA,CADEXSA,1450,Los Planes De Santa Maria La Paz,Omar Acosta,325,69,Instituto Hondureno del Cafe,2023,2023-04-25,CADEXSA,Catuai,Completed,7.67,7.58,7.33,7.5,7.58,7.5,10.0,10.0,10.0,7.5,0.0,82.67,9.6,0,0,2,2024-04-24,HN,Washed , Wet,Green,
153,153,Taiwan,Tong Jing Zhuang Yuan,A01-Northern Taiwan Specialty Coffee Evaluation,Tong Jing Zhuang Yuan,Taiwu Coffee Cooperative,165,苗栗縣,Wu Sheng Fa,1,4,Taiwan Coffee Laboratory Tai Wan Ka Pei Yan Jiu Shi,2022,2023-01-06,Taiwu,Unknown,Completed,7.67,7.67,7.42,7.42,7.42,7.5,10.0,10.0,10.0,7.5,0.0,82.58,9.8,0,0,0,2024-01-06, TW,Natural , Dry,Green,
154,154,Taiwan,Ju Xiang Yuan,A22-Northern Taiwan Specialty Coffee Evaluation,Ju Xiang Yuan,Taiwu Coffee Cooperative,465,苗栗縣,Xie Yuan Zhen,1,32,Taiwan Coffee Laboratory Tai Wan Ka Pei Yan Jiu Shi,2022,2023-01-06,Taiwu,Caturra,Completed,7.67,7.58,7.42,7.42,7.5,7.5,10.0,10.0,10.0,7.5,0.0,82.58,8.4,0,0,2,2024-01-06, TW,Washed , Wet,Blue,Green
155,155,Nicaragua,Finca Las Dos Marias,4 -3.1,Compare Coperativo Condega Esteli Nicaragua,NicaNoLA Coffee,1350,Esteli,NicaNoLA Coffee,120,45,Specialty Coffee Association,2022,2022-06-20,rene j alcebo,Parainema,Completed,7.5,7.58,7.42,7.58,7.5,7.58,10.0,10.0,10.0,7.42,0.0,82.58,10.1,0,0,0,2023-06-20,NI,Washed , Wet,Green,
156,156,El Salvador,Agua Caliente,1-26,Agua Caliente,Consejo Salvadoreno del Cafe,1200,Apaneca - Ilamatepec,JJ Borja Nathan SA,600,30,Salvadoran Coffee Council,2023,2023-03-03,Consejo Salvadoreno del Cafe,Bourbon,Completed,7.67,7.33,7.17,7.67,7.83,7.5,10.0,10.0,10.0,7.33,0.0,82.5,11.3,0,0,2,2024-03-02,SV,Washed , Wet,Green,
157,157,Panama,Finca Lerida,P03769,Finca Lerida,Panamerican Coffee Trading,1200,Boquete,Finca Lerida,200,30,Specialty Coffee Association of Costa Rica,2022,2022-05-25,Rodrigo Soto,Caturra,Completed,7.75,7.67,7.17,7.67,7.42,7.42,10.0,10.0,10.0,7.42,0.0,82.5,10.0,0,0,0,2023-05-25,PA,Washed , Wet,Green,
158,158,Brazil,Fazenda Pedra Preta,MVB-QCert-001/2022,COPAG VARGINHA,Man Volcafe Brasil Ltda,1100,Mantiqueira / Sul De Minas,Eduardo Niero de Souza,620,30,Brazil Specialty Coffee Association,2023,2022-11-03,EDF Man Volcafe Brasil Ltda,Mundo Novo,Completed,7.5,7.58,7.5,7.5,7.67,7.42,10.0,10.0,10.0,7.33,0.0,82.5,11.8,0,1,1,2023-11-03,BR,Natural , Dry,Bluish,Green
159,159,United States of America,Kainaliu Farm,"The 2022 Pacific Rim Coffee Summit,US03",Aloha Hills Kona Coffee,Taiwan Coffee Laboratory,640,Kona,KainaliuKona Coffee Company,4,15,Taiwan Coffee Laboratory Tai Wan Ka Pei Yan Jiu Shi,2022,2022-11-15,Taiwan Coffee Laboratory Tai Wan Ka Pei Yan Jiu Shi,Maragogype,Completed,7.33,7.58,7.5,7.5,7.5,7.58,10.0,10.0,10.0,7.5,0.0,82.5,11.7,0,0,1,2023-11-15,US,Washed , Wet,Blue,Green
160,160,Mexico,Las Trincheras,"The 2022 Pacific Rim Coffee Summit,MX01",Las Trincheras,Taiwan Coffee Laboratory,1340,Veracruz,Jose Cienfuegos,10,15,Taiwan Coffee Laboratory Tai Wan Ka Pei Yan Jiu Shi,2021,2022-11-15,Full Sweet Coffee,Pacamara,Completed,7.67,7.42,7.5,7.5,7.67,7.42,10.0,10.0,10.0,7.33,0.0,82.5,10.7,0,0,0,2023-11-15,MX,Washed , Wet,Pale Yellow,
161,161,Honduras,La Cuchilla,185,CIGRAH,Mercon Honduras,1368,"Centro, Lagunetillas - Ajuterique, Comayagua",Fausto Nahun Maldonado,345,30,Instituto Hondureno del Cafe,2022,2022-05-23,Comercial Internacional de Granos de Honduras SA de CV,Catuai,Completed,7.58,7.58,7.33,7.5,7.58,7.42,10.0,10.0,10.0,7.5,0.0,82.5,10.6,0,0,8,2023-05-23,HN,Washed , Wet,Green,
162,162,Taiwan,Hong Xin Ka Pei Yuan,A02-Northern Taiwan Specialty Coffee Evaluation,Hong Xin Ka Pei Yuan,Taiwu Coffee Cooperative,139,新竹縣,Hu Ming Jie,1,200,Taiwan Coffee Laboratory Tai Wan Ka Pei Yan Jiu Shi,2022,2023-01-06,Taiwu,Unknown,Completed,7.42,7.42,7.58,7.42,7.58,7.5,10.0,10.0,10.0,7.58,0.0,82.5,8.4,0,0,2,2024-01-06, TW,Washed , Wet,Green,
163,163,Nicaragua,Finca Aurora,1,Beneficio Seco Finca Aurora,MrBrown Cafe,1275,"Matagalpa, Nicaragua",Sabio Coffee Enrique Ferrufino Tania Ferrufino,275,69,Taiwan Coffee Laboratory Tai Wan Ka Pei Yan Jiu Shi,2022,2022-12-30,MRBROWN CAFE,"Caturra,Catuai",Completed,7.58,7.58,7.42,7.42,7.5,7.5,10.0,10.0,10.0,7.42,0.0,82.42,11.4,0,0,0,2023-12-30,NI,Washed , Wet,Bluish,Green
164,164,Vietnam,Apollo Estate,Apollo Washed 2021,Dry Mill,Sunvirtue Co Ltd,1040,Dalat,YehLi Chuan,77,15,Specialty Coffee Association,2021,2022-06-01,Sunvirtue Co Ltd,Catimor,Completed,7.5,7.5,7.33,7.5,7.5,7.42,10.0,10.0,10.0,7.58,0.0,82.33,10.5,0,0,0,2023-06-01,VN,Washed , Wet,Bluish,Green
165,165,El Salvador,Agua Caliente,1-26,Agua Caliente,Consejo Salvadoreno del Cafe,1200,Apaneca - Ilamatepec,JJ Borja Nathan SA,600,30,Salvadoran Coffee Council,2023,2023-02-21,Consejo Salvadoreno del Cafe,Bourbon,Completed,7.5,7.5,7.42,7.42,7.42,7.67,10.0,10.0,10.0,7.42,0.0,82.33,12.0,0,7,10,2024-02-21,SV,Washed , Wet,Green,
166,166,El Salvador,Agua Caliente,1-74,Agua Caliente,Consejo Salvadoreno del Cafe,1200,Apaneca - Ilamatepec,JJ Borja Nathan SA,275,69,Salvadoran Coffee Council,2022,2022-07-07,Consejo Salvadoreno del Cafe,Bourbon,Completed,7.33,7.67,7.25,7.67,7.83,7.42,10.0,10.0,10.0,7.17,0.0,82.33,11.8,0,0,0,2023-07-07,SV,Washed , Wet,Bluish,Green
167,167,Taiwan,Bao Shan Mi Jing,A48-Northern Taiwan Specialty Coffee Evaluation,Bao Shan Mi Jing,Taiwu Coffee Cooperative,140,新竹縣,Song Xu Ren,1,5,Taiwan Coffee Laboratory Tai Wan Ka Pei Yan Jiu Shi,2022,2023-01-06,Taiwu,Unknown,Completed,7.67,7.58,7.42,7.5,7.33,7.42,10.0,10.0,10.0,7.42,0.0,82.33,10.8,0,0,1,2024-01-06, TW,Natural , Dry,Green,
168,168,Peru,Fundo La Libertado,PR138,Planta Callao,Itochu Corporation,1600,"Chanchamayo, La Merced",Sand Crispin Espiritu,275,69,Japan Coffee Exchange,2023,2022-07-11,Kiichiro Iwata,Caturra,Completed,7.67,7.5,7.33,7.58,7.33,7.42,10.0,10.0,10.0,7.42,0.0,82.25,11.7,0,1,3,2023-07-11,PE,Washed , Wet,Greenish,
169,169,United States of America,Mannys Farm,Islander’s Coffee for Pacific Rim Summit,Mannys Farm,Taiwan Coffee Laboratory,1200,Kona District Of Big Island,Manny Ochoa,3,30,Taiwan Coffee Laboratory Tai Wan Ka Pei Yan Jiu Shi,2022,2022-11-09,Taiwan Coffee Laboratory Tai Wan Ka Pei Yan Jiu Shi,Typica,Completed,7.75,7.42,7.33,7.5,7.33,7.5,10.0,10.0,10.0,7.33,0.0,82.17,10.6,1,0,5,2023-11-09,US,Washed , Wet,Green,
170,170,Kenya,Kenyan Highlands,CQU2023004,TAYLOR WINCH,Coffee Quality Union,1725,Kericho,Slelected small holder,13,5,Japan Coffee Exchange,2022,2023-04-07,Coffee Quality Union,"Sl28,Sl34,Ruiru11",Completed,7.5,7.5,7.42,7.5,7.25,7.5,10.0,10.0,10.0,7.5,0.0,82.17,11.2,0,0,2,2024-04-06,KE,Washed , Wet,Green,
171,171,Honduras,La Cuchilla,184,CIGRAH,Mercon Honduras,1368,"Centro, Lagunetillas - Ajuterique, Comayagua",Fausto Nahun Maldonado,125,69,Instituto Hondureno del Cafe,2022,2022-05-23,Comercial Internacional de Granos de Honduras SA de CV,Catuai,Completed,7.67,7.5,7.25,7.5,7.5,7.33,10.0,10.0,10.0,7.42,0.0,82.17,10.6,0,0,8,2023-05-23,HN,Washed , Wet,Green,
172,172,Taiwan,Jin Nuan Nong Chang,A43-Northern Taiwan Specialty Coffee Evaluation,Jin Nuan Nong Chang,Taiwu Coffee Cooperative,600,桃園市,He Yu Da,1,3,Taiwan Coffee Laboratory Tai Wan Ka Pei Yan Jiu Shi,2022,2023-01-06,Taiwu,Unknown,Completed,7.5,7.67,7.33,7.5,7.25,7.33,10.0,10.0,10.0,7.5,0.0,82.08,9.7,0,0,0,2024-01-06, TW,Washed , Wet,Bluish,Green
173,173,Taiwan,Hao Ke Nong Yi,A34-Northern Taiwan Specialty Coffee Evaluation,Hao Ke Nong Yi,Taiwu Coffee Cooperative,460,苗栗縣,Peng Cong Ming,1,60,Taiwan Coffee Laboratory Tai Wan Ka Pei Yan Jiu Shi,2022,2023-01-06,Taiwu,Unknown,Completed,7.33,7.42,7.42,7.5,7.42,7.5,10.0,10.0,10.0,7.5,0.0,82.08,8.1,0,0,3,2024-01-06, TW,Pulped Natural , Honey,Greenish,
174,174,Taiwan,La La Shan Zu Lan Ka Pei Zhuang Yuan,A50-Northern Taiwan Specialty Coffee Evaluation,La La Shan Zu Lan Ka Pei Zhuang Yuan,Taiwu Coffee Cooperative,500,桃園市,Zong Su Xia,1,20,Taiwan Coffee Laboratory Tai Wan Ka Pei Yan Jiu Shi,2022,2023-01-06,Taiwu,Unknown,Completed,7.5,7.58,7.42,7.42,7.25,7.42,10.0,10.0,10.0,7.42,0.0,82.0,8.2,0,0,1,2024-01-06, TW,Washed , Wet,Green,
175,175,Thailand,Doi Tung Development Project,MIXED DT 21/22 (Coffea Arabica),Dry Mill,Doi Tung Development Project,1000,North Of Thailand,Doi Tung Development Project,2,1,FABB Academy of Coffee,2022,2022-07-14,Doi Tung Development Project,Catimor,Completed,7.17,7.5,7.42,7.42,7.58,7.5,10.0,10.0,10.0,7.42,0.0,82.0,9.8,0,0,0,2023-07-14,TH,Washed , Wet,Green,
176,176,Costa Rica,San Diego Mill,S019194 - P04178,Dosmil,Beneficios Volcafe Costa Rica,1500,Corralillo Tarrazu,San Diego Mill,500,30,Specialty Coffee Association of Costa Rica,2019,2023-03-29,Volcafe Japan,Caturra,Completed,7.42,7.42,7.42,7.33,7.58,7.33,10.0,10.0,10.0,7.5,0.0,82.0,10.5,1,2,8,2024-03-28,CR,Washed , Wet,Green,
179,179,Peru,Fundo La Libertad,301R,Planta Callao,Itochu Corporation,1600,"Chanchamayo, La Merced",Sandro Crispin Espiritu,275,69,Japan Coffee Exchange,2023,2022-07-11,Kiichiro Iwata,Caturra,Completed,7.5,7.5,7.33,7.5,7.33,7.33,10.0,10.0,10.0,7.42,0.0,81.92,11.6,0,2,2,2023-07-11,PE,Washed , Wet,Greenish,
180,180,Guatemala,MULTIPLE SMALLHOLDER FARMS,GF-23392,MULTIPLE SMALLHOLDER FARMS,HARU International Corp Shou Cheng Ka Pei,1400,Antigua,La Minita,540,30,Taiwan Coffee Laboratory Tai Wan Ka Pei Yan Jiu Shi,2022,2022-11-03,Anderson Wong,Caturra,Completed,7.33,7.42,7.33,7.42,7.58,7.42,10.0,10.0,10.0,7.42,0.0,81.92,10.3,0,0,1,2023-11-03,GT,Washed , Wet,Greenish,
181,181,Taiwan,A La Si Jia,A10-Northern Taiwan Specialty Coffee Evaluation,A La Si Jia,Taiwu Coffee Cooperative,300,桃園市,Li Xiu Yuan,1,6,Taiwan Coffee Laboratory Tai Wan Ka Pei Yan Jiu Shi,2022,2023-01-06,Taiwu,Typica,Completed,7.25,7.42,7.42,7.5,7.42,7.42,10.0,10.0,10.0,7.42,0.0,81.83,11.3,0,0,0,2024-01-06, TW,Pulped Natural , Honey,Green,
182,182,Vietnam,Gaia Farms,221221,Hulling Facility,Brew Baby Coffee Company,5400,Lam Dong Province,Viet Coffee Company Limited,1,1,Firedancer Coffee Consultants,2023,2023-04-10,Rodney Murray,Catimor,Completed,7.5,7.5,7.25,7.42,7.42,7.42,10.0,10.0,10.0,7.33,0.0,81.83,11.2,0,0,4,2024-04-09,VN,Pulped Natural , Honey,Green,
183,183,Brazil,Sitio Colinas,CQU2023007,COCARIVE,Coffee Quality Union,1000,Mantiquira De Minas,Luis Flavio Pereira de Castro,14,5,Japan Coffee Exchange,2022,2023-04-07,Coffee Quality Union,Yellow Catuai,Completed,7.5,7.5,7.42,7.33,7.33,7.33,10.0,10.0,10.0,7.42,0.0,81.83,11.3,0,0,2,2024-04-06,BR,Pulped Natural , Honey,Pale Yellow,
184,184,Brazil,Fazenda Olhos Dagua,1,Owned by producer,MrBrown Cafe,950,Sul De Minas,Paulo Enidio Crabi,325,59,Taiwan Coffee Laboratory Tai Wan Ka Pei Yan Jiu Shi,2021,2022-12-30,MRBROWN CAFE,Catucai,Completed,7.42,7.5,7.58,7.33,7.33,7.25,10.0,10.0,10.0,7.33,0.0,81.75,11.1,0,0,0,2023-12-30,BR,Natural , Dry,Yellow,Green
185,185,Colombia,More than one,1,Trilladora CCA Buga,MrBrown Cafe,1574,Santander,More than one,275,70,Taiwan Coffee Laboratory Tai Wan Ka Pei Yan Jiu Shi,2021,2022-12-30,MRBROWN CAFE,Santander,Completed,7.33,7.5,7.33,7.42,7.42,7.42,10.0,10.0,10.0,7.33,0.0,81.75,11.2,0,0,0,2023-12-30,CO,Washed , Wet,Yellow,Green
186,186,Mexico,Finca San Jose,002,Coatepec Veracruz,La Villa Coffee Company LLC,1200,"Coatepec, Veracruz",Jose Gerardo Gutierrez Morales,32,69,Centro Agroecologico del Cafe AC,2022,2022-08-11,Alvin La Vaughn Landry,Typica,Completed,7.58,7.42,7.25,7.25,7.5,7.33,10.0,10.0,10.0,7.33,0.0,81.67,11.8,2,0,2,2023-08-11,MX,Washed , Wet,Green,
187,187,Costa Rica,HACIENDA SAN IGNACIO,OIC 5-019-0037/ Contenedor: DRYU3106597 / Cliente: O COFFEE,Beneficio La Giorgia,Grupo ECOM,1200,Occidente,FJO ORLICH HNO LTDA,100,69,Specialty Coffee Association of Costa Rica,2023,2023-03-29,Ruddy Azofeifa,Caturra,Completed,7.33,7.42,7.25,7.42,7.42,7.33,10.0,10.0,10.0,7.42,0.0,81.58,9.7,0,2,4,2024-03-28,CR,Washed , Wet,Green,
188,188,Taiwan,Heng Lu,A46-Northern Taiwan Specialty Coffee Evaluation,Heng Lu,Taiwu Coffee Cooperative,300,新北市,Lu Xing Hui,1,100,Taiwan Coffee Laboratory Tai Wan Ka Pei Yan Jiu Shi,2022,2023-01-06,Taiwu,Typica,Completed,7.42,7.5,7.33,7.33,7.33,7.33,10.0,10.0,10.0,7.33,0.0,81.58,9.0,0,0,0,2024-01-06, TW,Pulped Natural , Honey,Yellow,Green
189,189,Taiwan,Da Tun 29Zhuang Yuan,A38-Northern Taiwan Specialty Coffee Evaluation,Da Tun 29Zhuang Yuan,Taiwu Coffee Cooperative,435,臺北市,Hou Yi Wei,1,8,Taiwan Coffee Laboratory Tai Wan Ka Pei Yan Jiu Shi,2022,2023-01-06,Taiwu,Unknown,Completed,7.33,7.5,7.42,7.33,7.33,7.25,10.0,10.0,10.0,7.33,0.0,81.5,8.5,0,0,0,2024-01-06, TW,Pulped Natural , Honey,Green,
190,190,Thailand,Doi Tung Development Project,JAVA 21/22 (Coffea Arabica),Dry Mill,Doi Tung Development Project,1400,North Of Thailand,Doi Tung Development Project,2,1,FABB Academy of Coffee,2022,2022-07-14,Doi Tung Development Project,Java,Completed,7.33,7.42,7.25,7.33,7.5,7.42,10.0,10.0,10.0,7.17,0.0,81.42,11.6,2,0,1,2023-07-14,TH,Washed , Wet,Green,
191,191,Thailand,Doi Lan,"The 2022 Pacific Rim Coffee Summit,TH07",Miramar Coffee,Taiwan Coffee Laboratory,1400,Chiang Rai,Prakol Saelee,5,15,Taiwan Coffee Laboratory Tai Wan Ka Pei Yan Jiu Shi,2021,2022-11-15,Full Sweet Coffee,Typica Bourbon Caturra Catimor,Completed,7.42,7.25,7.33,7.42,7.33,7.33,10.0,10.0,10.0,7.25,0.0,81.33,10.5,0,0,5,2023-11-15,TH,Natural , Dry,Yellowish,
192,192,Thailand,Doi Tung Development Project,MIXED 21/22 (Coffea Arabica),Dry Mill,Doi Tung Development Project,700,North Of Thailand,Doi Tung Development Project,2,1,FABB Academy of Coffee,2022,2022-07-14,Doi Tung Development Project,Catimor,Completed,7.25,7.25,7.42,7.25,7.42,7.42,10.0,10.0,10.0,7.17,0.0,81.17,10.4,0,0,0,2023-07-14,TH,Washed , Wet,Green,
193,193,Colombia,Escalera,CQU2022019,Escalera,Coffee Quality Union,1550,Cauca,Escalera,1,30,Japan Coffee Exchange,2022,2022-12-22,Coffee Quality Union,"Caturra,Colombia,Castillo",Completed,7.42,7.25,7.25,7.42,7.17,7.33,10.0,10.0,10.0,7.33,0.0,81.17,11.4,0,2,2,2023-12-22,CO,Washed , Wet,Greenish,
195,195,El Salvador,Rosario de Maria II Area de Loma Alta,0623C01,Optimum Coffee San Salvador El Salvador,Aprentium Enterprises LLC,1400,"Volcan Chinchontepek, San Vicente, El Salvador",Roselia Yglesias,1,2,Salvadoran Coffee Council,2023,2023-03-08,Roselia Yglesias,Bourbon,Completed,7.42,7.33,7.33,7.5,7.08,7.0,10.0,10.0,10.0,7.17,0.0,80.83,10.5,0,8,7,2024-03-07,SV,Natural , Dry,Bluish,Green
197,197,Nicaragua,Sajonia Estate Coffee SA,1,Sajonia Estate Coffee SA,SAJONIA ESTATE COFFEE SA,1000,Jinotega,Sajonia Estate Coffee SA,275,69,Asociacion de Cafes Especiales de Nicaragua,2023,2023-04-20,SAJONIA ESTATE COFFEE SA,Sarchimor,Completed,7.42,7.17,7.0,7.08,7.42,7.17,10.0,10.0,10.0,7.17,0.0,80.42,11.2,0,0,5,2024-04-19,NI,Washed , Wet,Green,
198,198,Colombia,Finca Mallorca,CQU2023001,Finca Mallorca,Coffee Quality Union,1600,"Caicedonia,Valle Del Cauca",Finca Mallorca,3,10,Japan Coffee Exchange,2022,2023-03-06,Coffee Quality Union,"Castillo,Caturra,Bourbon",Completed,7.25,7.25,7.17,7.33,7.0,7.17,10.0,10.0,10.0,7.25,0.0,80.42,11.0,0,3,3,2024-03-05,CO,Washed , Wet,Greenish,
199,199,Peru,Fundo La Libertad,PR137,Callao Plant,Itochu Corporation,1600,"Chanchamayo, Lamerced",Sandro Crispin Espiritu,275,69,Japan Coffee Exchange,2023,2022-06-10,Kiichiro Iwata,Caturra,Completed,7.5,7.25,7.17,7.17,7.17,7.08,10.0,10.0,10.0,7.0,0.0,80.33,11.8,0,6,11,2023-06-10,PE,Washed , Wet,Greenish,
200,200,El Salvador,Rosario de Maria II Area de Menjivar,0523B01,Optimum Coffee San Salvador El Salvador,Aprentium Enterprises LLC,1300,"Volcan Chinchontepek, San Vicente, El Salvador",Roselia Yglesias,1,2,Salvadoran Coffee Council,2023,2023-03-08,Roselia Yglesias,Pacas,Completed,7.08,7.25,7.08,7.42,7.42,7.08,10.0,10.0,10.0,7.0,0.0,80.33,11.5,0,10,7,2024-03-07,SV,Natural , Dry,Bluish,Green
201,201,Brazil,Various farm,002/1738/0029,Dry mill,marubeni,1200,Alta Mogiana-Ibiraci,COCAPIL,440,60,Japan Coffee Exchange,2022,2022-07-20,Ikuto Uehara,"Catuai,Mundo Novo",Completed,7.25,7.17,7.17,7.08,7.17,7.17,10.0,10.0,10.0,7.17,0.0,80.17,11.6,0,1,2,2023-07-20,BR,Natural , Dry,Greenish,
202,202,Brazil,Fazenda Conquista,019/22,Dry Mill,Ipanema Coffees,950,Sul De Minas,Ipanema Coffees,2240,60,Brazil Specialty Coffee Association,2023,2023-02-02,Ipanema Coffees,Mundo Novo,Completed,7.17,7.17,6.92,7.17,7.42,7.17,10.0,10.0,10.0,7.08,0.0,80.08,11.4,0,0,4,2024-02-02,BR,Natural , Dry,Green,
203,203,Nicaragua,Finca San Felipe,017-053-0155,Beneficio Atlantic Sebaco,Exportadora Atlantic SA,1200,Matagalpa,Exportadora Atlantic SA,300,30,Asociacion de Cafes Especiales de Nicaragua,2023,2023-03-03,Exportadora Atlantic SA,Shg,Completed,7.33,7.08,6.75,7.17,7.42,7.17,10.0,10.0,10.0,7.08,0.0,80.0,10.4,0,2,12,2024-03-02,NI,Natural , Dry,Green,
204,204,Laos,,105/3/VL7285-005,DRY MILL,Marubeni Corporation,1300,Bolaven Plateau,LAO MINH TIEN COFFEE SOLE COLTD,343,60,Japan Coffee Exchange,2022,2022-11-11,Ikuto Uehara,Catimor,Completed,7.25,7.17,7.08,7.0,7.08,7.08,10.0,10.0,10.0,7.0,0.0,79.67,11.6,0,9,11,2023-11-11,LA,Washed , Wet,Green,
205,205,El Salvador,Rosario de Maria II Area de La Pila,0423A01,Optimum Coffee San Salvador El Salvador,Aprentium Enterprises LLC,1200,"Volcan De San Vicente, La Paz, El Salvador",Roselia Yglesias,1,2,Salvadoran Coffee Council,2023,2023-03-08,Roselia Yglesias,Maragogype,Completed,6.5,6.75,6.75,7.17,7.08,7.0,10.0,10.0,10.0,6.83,0.0,78.08,11.0,0,12,13,2024-03-07,SV,Natural , Dry,Bluish,Green
206,206,Brazil,Walter Matter,1058 y 1059,Beneficio humedoseco,Descafeinadores Mexicano SA de CV,975,Minas Gerais,Walter Matter,600,60,Centro Agroecologico del Cafe AC,2022,2022-11-18,Descafeinadores Mexicanos SA de CV,Mundo Novo,Completed,7.25,7.08,6.67,6.83,6.83,6.67,10.0,10.0,10.0,6.67,0.0,78.0,11.3,0,0,1,2023-11-18,BR,Semi,Lavado,Green,
